SEASON,PLAYER_ID,PLAYER_NAME,TEAM_ABBREVIATION,GP,MIN,OFF_RATING,DEF_RATING,NET_RATING,AST_PCT,AST_RATIO,OREB_PCT,DREB_PCT,REB_PCT,TM_TOV_PCT,EFG_PCT,TS_PCT,USG_PCT,PACE,PIE
2024-25,1630639,A.J. Lawson,TOR,26,18.7,109.7,111.1,-1.4,0.093,11.7,0.036,0.128,0.08,5.7,0.508,0.542,0.189,103.71,0.082
2024-25,1631260,AJ Green,MIL,73,22.7,114.0,107.6,6.4,0.086,18.6,0.011,0.087,0.051,6.9,0.612,0.621,0.123,100.84,0.058
2024-25,1642358,AJ Johnson,WAS,29,22.0,104.1,115.6,-11.5,0.178,22.3,0.011,0.073,0.042,10.3,0.441,0.48,0.173,100.83,0.053
2024-25,203932,Aaron Gordon,DEN,51,28.4,122.5,113.0,9.5,0.143,20.1,0.06,0.109,0.086,9.0,0.607,0.65,0.186,101.64,0.104
2024-25,1628988,Aaron Holiday,HOU,62,12.8,110.3,103.6,6.7,0.142,20.5,0.015,0.073,0.044,9.1,0.571,0.594,0.162,103.09,0.082
2024-25,1630174,Aaron Nesmith,IND,45,24.9,120.1,111.5,8.5,0.063,10.8,0.034,0.118,0.078,7.4,0.617,0.653,0.171,101.64,0.087
2024-25,1630598,Aaron Wiggins,OKC,76,22.9,120.7,106.6,14.2,0.102,13.8,0.046,0.113,0.081,7.1,0.577,0.596,0.2,101.91,0.105
2024-25,1641745,Adam Flagler,OKC,37,5.5,99.1,96.7,2.3,0.094,10.6,0.029,0.086,0.057,3.5,0.333,0.335,0.207,100.16,0.025
2024-25,1641766,Adama Sanogo,CHI,4,5.4,104.2,122.2,-18.1,0.067,11.1,0.217,0.053,0.143,11.1,0.571,0.571,0.145,103.82,0.078
2024-25,1641737,Adem Bona,PHI,58,15.6,107.4,114.0,-6.6,0.043,8.4,0.097,0.164,0.13,18.9,0.703,0.714,0.135,100.51,0.093
2024-25,1642349,Ajay Mitchell,OKC,36,16.6,110.0,100.2,9.7,0.153,22.1,0.028,0.08,0.053,10.0,0.557,0.587,0.159,100.63,0.082
2024-25,201143,Al Horford,BOS,60,27.6,119.6,108.1,11.5,0.102,19.6,0.046,0.165,0.106,7.0,0.547,0.563,0.136,97.75,0.091
2024-25,202692,Alec Burks,MIA,49,17.6,113.5,107.6,5.9,0.09,14.7,0.018,0.119,0.07,7.8,0.587,0.608,0.16,98.03,0.088
2024-25,1627936,Alex Caruso,OKC,54,19.3,117.5,102.5,15.0,0.171,26.9,0.035,0.108,0.072,7.3,0.541,0.568,0.147,102.7,0.101
2024-25,1642505,Alex Ducas,OKC,21,6.0,99.6,106.3,-6.7,0.058,12.5,0.06,0.119,0.088,10.0,0.567,0.583,0.115,102.63,0.065
2024-25,203458,Alex Len,LAL,46,8.3,101.4,118.9,-17.5,0.143,29.5,0.094,0.142,0.118,15.5,0.524,0.525,0.101,101.55,0.057
2024-25,1642024,Alex Reese,PHI,15,14.4,117.3,111.8,5.5,0.023,5.8,0.041,0.161,0.103,8.7,0.62,0.641,0.123,104.64,0.079
2024-25,1642259,Alex Sarr,WAS,67,27.1,102.7,116.4,-13.7,0.139,13.7,0.06,0.158,0.108,9.7,0.457,0.482,0.23,104.3,0.084
2024-25,1631214,Alondes Williams,LAC,1,3.7,171.4,85.7,85.7,0.333,33.3,0.0,0.0,0.0,0.0,1.25,1.25,0.286,90.4,0.4
2024-25,1630578,Alperen Sengun,HOU,76,31.5,114.9,107.4,7.6,0.238,19.6,0.099,0.21,0.153,10.2,0.505,0.545,0.259,99.47,0.153
2024-25,1641708,Amen Thompson,HOU,69,32.3,114.2,107.9,6.3,0.167,21.9,0.078,0.159,0.118,11.4,0.575,0.602,0.172,100.0,0.129
2024-25,1629599,Amir Coffey,LAC,72,24.3,109.1,110.6,-1.4,0.065,11.2,0.019,0.072,0.046,6.6,0.57,0.614,0.15,99.23,0.072
2024-25,203083,Andre Drummond,PHI,40,18.8,103.4,118.9,-15.5,0.07,9.4,0.134,0.288,0.205,15.2,0.506,0.535,0.183,98.83,0.109
2024-25,1641748,Andre Jackson Jr.,MIL,67,14.6,110.6,112.1,-1.5,0.109,23.8,0.066,0.114,0.091,16.6,0.553,0.554,0.115,101.48,0.051
2024-25,1629614,Andrew Nembhard,IND,65,28.9,115.5,110.2,5.3,0.225,31.4,0.018,0.093,0.057,10.8,0.506,0.545,0.163,101.31,0.081
2024-25,203952,Andrew Wiggins,MIA,60,30.7,109.4,111.7,-2.3,0.137,13.1,0.045,0.095,0.069,8.2,0.526,0.566,0.238,99.96,0.105
2024-25,1629014,Anfernee Simons,POR,70,32.7,108.8,113.4,-4.6,0.241,20.1,0.01,0.069,0.039,8.5,0.521,0.557,0.241,99.72,0.106
2024-25,1641710,Anthony Black,ORL,78,24.2,106.2,107.1,-0.9,0.201,22.2,0.026,0.1,0.061,12.8,0.473,0.521,0.19,97.83,0.084
2024-25,203076,Anthony Davis,DAL,51,33.4,113.3,112.9,0.5,0.182,13.3,0.083,0.254,0.173,8.3,0.536,0.588,0.301,98.83,0.179
2024-25,1630162,Anthony Edwards,MIN,79,36.3,116.2,111.4,4.8,0.209,14.8,0.021,0.131,0.077,10.3,0.547,0.595,0.307,98.27,0.14
2024-25,1630264,Anthony Gill,WAS,51,7.8,101.9,109.7,-7.8,0.059,11.9,0.042,0.111,0.077,7.4,0.545,0.586,0.124,101.23,0.071
2024-25,1641817,Anton Watson,NYK,9,2.5,103.9,119.2,-15.3,0.125,15.4,0.05,0.118,0.081,15.4,0.444,0.444,0.193,111.52,0.033
2024-25,1641810,Antonio Reeves,NOP,44,15.0,107.3,117.5,-10.2,0.089,11.8,0.026,0.07,0.047,9.1,0.558,0.579,0.183,101.12,0.072
2024-25,1630574,Ariel Hukporti,NYK,25,8.7,97.6,110.1,-12.4,0.075,15.9,0.066,0.151,0.112,30.4,0.677,0.654,0.113,102.57,0.048
2024-25,1642422,Armel Traore,LAL,9,7.4,81.9,119.3,-37.3,0.026,3.8,0.026,0.228,0.111,11.5,0.316,0.317,0.153,102.24,0.027
2024-25,1641709,Ausar Thompson,DET,59,22.5,113.1,109.2,4.0,0.139,18.2,0.081,0.139,0.11,10.8,0.547,0.568,0.185,102.76,0.104
2024-25,1630559,Austin Reaves,LAL,73,34.9,117.1,113.3,3.8,0.241,23.6,0.025,0.101,0.065,9.9,0.556,0.616,0.23,99.86,0.118
2024-25,1630245,Ayo Dosunmu,CHI,46,30.3,110.1,117.8,-7.7,0.21,27.4,0.018,0.09,0.054,9.1,0.561,0.585,0.163,104.63,0.084
2024-25,1628389,Bam Adebayo,MIA,78,34.3,110.9,110.8,0.1,0.204,19.2,0.069,0.214,0.141,9.2,0.521,0.561,0.232,97.02,0.137
2024-25,1631248,Baylor Scheierman,BOS,31,12.4,109.9,105.8,4.1,0.12,20.5,0.048,0.117,0.083,7.5,0.473,0.49,0.143,95.28,0.074
2024-25,1641767,Ben Sheppard,IND,63,19.5,111.2,113.4,-2.2,0.087,21.0,0.035,0.106,0.07,5.4,0.537,0.555,0.108,102.92,0.055
2024-25,1627732,Ben Simmons,LAC,51,22.0,111.7,113.5,-1.8,0.358,45.7,0.043,0.184,0.113,16.3,0.52,0.539,0.133,98.17,0.103
2024-25,1631097,Bennedict Mathurin,IND,72,29.9,113.8,112.2,1.6,0.09,10.7,0.041,0.133,0.088,10.6,0.516,0.579,0.222,101.52,0.092
2024-25,1641731,Bilal Coulibaly,WAS,59,33.0,104.5,118.3,-13.8,0.15,19.4,0.043,0.098,0.07,12.2,0.472,0.515,0.175,103.22,0.07
2024-25,202687,Bismack Biyombo,SAS,28,18.8,108.7,117.9,-9.2,0.079,16.9,0.08,0.207,0.144,14.8,0.588,0.576,0.124,100.23,0.08
2024-25,1631104,Blake Wesley,SAS,58,11.8,110.2,109.7,0.5,0.225,29.8,0.025,0.062,0.044,14.1,0.481,0.51,0.165,101.92,0.066
2024-25,1626171,Bobby Portis,MIL,49,25.4,114.1,110.8,3.4,0.126,13.2,0.071,0.235,0.156,7.2,0.52,0.542,0.234,101.2,0.131
2024-25,1641752,Bobi Klintman,DET,8,5.3,121.4,117.2,4.2,0.212,36.8,0.024,0.182,0.095,5.3,0.7,0.689,0.121,96.83,0.095
2024-25,203992,Bogdan Bogdanović,LAC,54,25.0,112.7,110.0,2.7,0.152,19.7,0.017,0.098,0.057,10.0,0.534,0.559,0.183,101.35,0.074
2024-25,1629626,Bol Bol,PHX,36,12.5,112.1,115.9,-3.9,0.071,9.3,0.047,0.168,0.113,8.4,0.612,0.627,0.204,102.75,0.114
2024-25,1630538,Bones Hyland,MIN,24,9.9,102.0,108.1,-6.1,0.246,17.3,0.02,0.083,0.051,13.5,0.534,0.576,0.274,98.61,0.108
2024-25,203078,Bradley Beal,PHX,53,32.1,110.6,118.6,-8.0,0.177,18.6,0.021,0.083,0.054,9.4,0.571,0.598,0.219,100.02,0.093
2024-25,1642382,Branden Carlson,OKC,32,7.7,115.1,105.8,9.4,0.077,11.1,0.064,0.131,0.099,5.6,0.557,0.581,0.185,103.83,0.101
2024-25,1641764,Brandin Podziemski,GSW,64,26.8,111.6,105.1,6.6,0.194,22.8,0.034,0.151,0.089,7.8,0.537,0.557,0.177,100.36,0.114
2024-25,1630527,Brandon Boston,NOP,42,23.6,108.6,114.8,-6.2,0.14,16.3,0.026,0.107,0.065,9.2,0.5,0.535,0.199,99.87,0.085
2024-25,1629634,Brandon Clarke,MEM,64,18.9,116.5,108.2,8.2,0.072,12.7,0.102,0.148,0.126,7.9,0.622,0.638,0.15,105.54,0.108
2024-25,1627742,Brandon Ingram,TOR,18,33.1,107.0,117.7,-10.7,0.28,18.0,0.027,0.14,0.083,13.3,0.53,0.56,0.305,97.49,0.122
2024-25,1641706,Brandon Miller,CHA,27,34.2,106.9,113.8,-6.8,0.182,14.0,0.024,0.117,0.068,10.9,0.509,0.54,0.27,98.77,0.1
2024-25,1630314,Brandon Williams,DAL,33,14.8,109.5,108.8,0.7,0.228,22.9,0.025,0.091,0.059,11.7,0.585,0.634,0.218,104.74,0.119
2024-25,1630296,Braxton Key,GSW,3,3.6,90.0,120.7,-30.7,0.0,0.0,0.077,0.167,0.105,12.5,0.0,0.226,0.222,130.81,-0.026
2024-25,1641729,Brice Sensabaugh,UTA,71,20.2,109.9,119.5,-9.6,0.117,13.0,0.028,0.11,0.069,12.7,0.59,0.612,0.208,103.21,0.087
2024-25,1642355,Bronny James,LAL,27,6.7,95.5,114.1,-18.6,0.191,20.4,0.021,0.076,0.048,12.0,0.381,0.424,0.199,99.45,0.05
2024-25,201572,Brook Lopez,MIL,80,31.8,114.8,112.7,2.2,0.078,13.5,0.046,0.107,0.078,7.9,0.599,0.624,0.157,100.24,0.087
2024-25,1628971,Bruce Brown,NOP,41,22.5,104.8,116.8,-11.9,0.133,18.3,0.04,0.134,0.085,8.5,0.464,0.504,0.169,100.19,0.078
2024-25,1628981,Bruno Fernando,TOR,17,8.6,103.9,110.1,-6.1,0.194,21.2,0.127,0.21,0.165,16.5,0.531,0.552,0.182,100.37,0.1
2024-25,1631121,Bryce McGowens,POR,13,2.5,89.9,97.1,-7.2,0.105,9.1,0.056,0.034,0.046,18.2,0.286,0.391,0.244,102.7,0.0
2024-25,1642267,Bub Carrington,WAS,82,30.0,102.8,118.0,-15.2,0.213,28.3,0.012,0.117,0.064,11.0,0.493,0.514,0.154,103.06,0.071
2024-25,1627741,Buddy Hield,GSW,82,22.7,112.3,110.1,2.2,0.106,13.0,0.025,0.111,0.066,8.8,0.546,0.56,0.196,100.82,0.085
2024-25,203468,CJ McCollum,NOP,56,32.7,112.3,119.4,-7.1,0.192,16.1,0.022,0.091,0.056,7.5,0.53,0.55,0.266,101.56,0.097
2024-25,1630595,Cade Cunningham,DET,70,35.0,115.0,112.2,2.8,0.409,25.0,0.023,0.147,0.086,12.1,0.521,0.565,0.323,101.57,0.152
2024-25,1631216,Caleb Houstan,ORL,58,13.6,104.2,108.2,-4.1,0.066,14.3,0.023,0.073,0.047,5.3,0.589,0.605,0.115,96.82,0.061
2024-25,1628997,Caleb Martin,DAL,45,27.1,106.5,112.8,-6.3,0.116,19.0,0.042,0.105,0.073,11.2,0.485,0.513,0.143,98.64,0.063
2024-25,1642353,Cam Christie,LAC,13,4.5,97.6,105.6,-7.9,0.167,17.6,0.051,0.141,0.098,5.9,0.333,0.349,0.192,103.12,0.07
2024-25,1629629,Cam Reddish,LAL,33,17.9,107.6,115.9,-8.4,0.049,15.8,0.029,0.081,0.056,8.6,0.473,0.498,0.084,100.53,0.04
2024-25,1642285,Cam Spencer,MEM,25,10.1,116.4,109.6,6.8,0.182,26.2,0.043,0.07,0.056,4.6,0.53,0.587,0.148,103.04,0.087
2024-25,1630560,Cam Thomas,BKN,25,31.2,114.9,120.6,-5.7,0.217,14.0,0.02,0.089,0.054,9.2,0.513,0.575,0.328,96.1,0.122
2024-25,1641715,Cam Whitmore,HOU,51,16.2,113.4,112.3,1.1,0.09,9.2,0.039,0.139,0.086,8.7,0.525,0.549,0.231,100.93,0.108
2024-25,1629661,Cameron Johnson,BKN,57,31.6,110.9,116.7,-5.8,0.179,17.2,0.03,0.113,0.07,8.8,0.582,0.632,0.224,97.41,0.124
2024-25,1626166,Cameron Payne,NYK,72,15.1,116.6,107.5,9.1,0.251,28.1,0.013,0.081,0.047,7.2,0.506,0.532,0.2,100.23,0.089
2024-25,1627747,Caris LeVert,ATL,64,24.9,120.5,113.4,7.2,0.178,22.5,0.026,0.096,0.062,7.9,0.556,0.582,0.191,103.21,0.094
2024-25,1641717,Cason Wallace,OKC,68,27.6,117.2,107.1,10.1,0.117,23.5,0.036,0.079,0.057,8.0,0.55,0.562,0.124,101.87,0.075
2024-25,1629646,Charles Bassey,SAS,36,10.4,101.6,117.5,-15.9,0.072,9.9,0.133,0.24,0.185,13.5,0.581,0.597,0.164,105.46,0.113
2024-25,1631096,Chet Holmgren,OKC,32,27.4,121.7,105.6,16.1,0.091,12.1,0.054,0.208,0.136,10.8,0.554,0.599,0.214,103.83,0.122
2024-25,1628449,Chris Boucher,TOR,50,17.2,113.3,113.5,-0.2,0.057,7.0,0.077,0.175,0.125,6.2,0.586,0.615,0.208,99.28,0.126
2024-25,1630537,Chris Duarte,CHI,17,4.4,105.2,102.4,2.8,0.173,23.1,0.06,0.165,0.115,2.6,0.577,0.61,0.151,108.61,0.127
2024-25,1641753,Chris Livingston,MIL,21,5.0,89.6,102.2,-12.6,0.078,11.1,0.091,0.198,0.148,13.3,0.333,0.441,0.15,104.34,0.099
2024-25,101108,Chris Paul,SAS,82,28.0,114.2,115.0,-0.8,0.342,45.0,0.014,0.11,0.062,9.6,0.547,0.58,0.137,100.48,0.102
2024-25,1631128,Christian Braun,DEN,79,33.9,122.7,114.5,8.2,0.096,17.1,0.039,0.109,0.077,6.8,0.634,0.665,0.155,101.04,0.096
2024-25,1631132,Christian Koloko,LAL,37,9.2,104.7,106.0,-1.3,0.068,15.8,0.095,0.165,0.129,11.9,0.606,0.624,0.104,101.19,0.082
2024-25,1629643,Chuma Okeke,CLE,9,21.9,115.8,122.1,-6.3,0.101,25.4,0.099,0.141,0.118,5.1,0.638,0.641,0.093,99.08,0.089
2024-25,203991,Clint Capela,ATL,55,21.4,108.7,111.5,-2.7,0.073,11.4,0.132,0.238,0.183,8.7,0.559,0.564,0.16,105.23,0.117
2024-25,1629632,Coby White,CHI,74,33.1,111.5,113.9,-2.5,0.197,18.8,0.01,0.095,0.053,10.1,0.55,0.601,0.237,105.37,0.103
2024-25,1628998,Cody Martin,PHX,53,22.1,108.1,111.3,-3.2,0.128,20.6,0.041,0.136,0.088,10.0,0.485,0.509,0.142,101.2,0.08
2024-25,1642262,Cody Williams,UTA,50,21.2,103.0,118.5,-15.5,0.078,15.6,0.024,0.075,0.049,11.6,0.391,0.419,0.122,103.19,0.021
2024-25,1641732,Colby Jones,WAS,39,13.2,104.4,114.8,-10.4,0.123,20.8,0.038,0.123,0.08,10.8,0.519,0.544,0.138,99.47,0.078
2024-25,1630175,Cole Anthony,MEM,67,18.4,107.7,109.0,-1.2,0.253,21.6,0.034,0.131,0.08,11.6,0.494,0.531,0.238,97.7,0.105
2024-25,1631306,Cole Swider,IND,10,17.0,114.2,100.5,13.7,0.022,4.3,0.026,0.119,0.072,5.7,0.468,0.465,0.155,104.92,0.046
2024-25,1630658,Colin Castleton,TOR,26,16.6,106.1,108.2,-2.1,0.092,16.9,0.104,0.143,0.123,13.9,0.48,0.536,0.125,102.22,0.074
2024-25,1631221,Collin Gillespie,PHX,33,14.0,115.6,118.4,-2.8,0.235,29.7,0.048,0.124,0.086,6.5,0.554,0.578,0.17,98.66,0.105
2024-25,1629012,Collin Sexton,UTA,63,27.9,110.4,117.9,-7.5,0.246,18.9,0.033,0.06,0.047,11.5,0.543,0.593,0.264,101.38,0.106
2024-25,1630557,Corey Kispert,WAS,61,26.3,108.7,117.1,-8.5,0.094,13.4,0.021,0.084,0.053,8.3,0.558,0.584,0.169,102.68,0.074
2024-25,202709,Cory Joseph,ORL,50,12.2,110.5,106.9,3.6,0.166,28.7,0.027,0.095,0.06,7.2,0.529,0.547,0.126,98.59,0.075
2024-25,1641854,Craig Porter Jr.,CLE,51,10.1,108.3,113.5,-5.2,0.191,27.0,0.037,0.085,0.063,14.4,0.589,0.61,0.155,100.91,0.091
2024-25,1642385,Cui Cui,BKN,5,2.1,80.8,76.0,4.8,0.0,0.0,0.0,0.2,0.095,0.0,0.143,0.19,0.296,118.62,-0.056
2024-25,1626156,D'Angelo Russell,BKN,58,25.5,110.1,111.6,-1.5,0.302,26.9,0.013,0.093,0.053,9.8,0.479,0.522,0.228,99.59,0.098
2024-25,1630618,D.J. Carton,TOR,4,8.3,109.0,96.1,12.9,0.1,21.4,0.0,0.098,0.055,28.6,0.143,0.202,0.122,110.7,0.007
2024-25,1629610,DaQuan Jeffries,CHA,47,22.8,106.6,118.2,-11.6,0.073,13.5,0.033,0.087,0.06,8.9,0.5,0.518,0.136,98.04,0.046
2024-25,1631342,Daeqwon Plowden,ATL,6,11.9,104.0,84.2,19.8,0.047,6.3,0.057,0.093,0.076,12.5,0.82,0.831,0.181,101.64,0.122
2024-25,1630227,Daishen Nix,MIN,3,4.4,103.2,79.3,23.9,0.231,33.3,0.0,0.444,0.211,44.4,0.0,0.266,0.176,108.82,0.024
2024-25,1630625,Dalano Banton,POR,67,16.7,110.2,111.8,-1.5,0.213,19.8,0.025,0.088,0.056,10.7,0.462,0.497,0.237,101.21,0.089
2024-25,1631207,Dalen Terry,CHI,73,13.5,104.0,111.6,-7.6,0.136,21.6,0.034,0.08,0.057,11.8,0.517,0.546,0.142,106.51,0.056
2024-25,1642261,Dalton Knecht,LAL,78,19.2,112.2,114.9,-2.8,0.067,9.5,0.026,0.116,0.073,5.3,0.576,0.594,0.181,98.26,0.087
2024-25,203081,Damian Lillard,MIL,58,36.1,115.3,114.6,0.7,0.299,23.8,0.014,0.108,0.063,9.4,0.547,0.621,0.269,100.86,0.144
2024-25,1641878,Damion Baugh,CHA,15,24.7,99.5,121.8,-22.3,0.235,25.0,0.033,0.098,0.064,13.8,0.369,0.399,0.186,99.5,0.051
2024-25,1627814,Damion Lee,PHX,25,5.8,104.7,98.7,6.0,0.121,10.5,0.02,0.104,0.064,9.5,0.426,0.499,0.269,104.99,0.089
2024-25,1629655,Daniel Gafford,DAL,57,21.5,114.9,113.4,1.5,0.097,12.7,0.127,0.168,0.149,10.4,0.702,0.716,0.186,101.73,0.141
2024-25,1628464,Daniel Theis,NOP,38,16.3,109.3,115.2,-5.9,0.131,26.0,0.062,0.192,0.122,10.8,0.508,0.558,0.111,102.26,0.081
2024-25,1642450,Daniss Jenkins,DET,7,3.2,102.3,108.2,-5.8,0.2,20.0,0.0,0.182,0.054,6.7,0.35,0.322,0.231,97.06,0.0
2024-25,203957,Danté Exum,DAL,20,18.6,109.3,115.2,-6.0,0.22,24.8,0.01,0.074,0.042,9.7,0.563,0.589,0.193,101.4,0.083
2024-25,203967,Dario Šarić,DEN,16,13.1,97.3,108.7,-11.5,0.17,22.8,0.059,0.158,0.107,14.9,0.422,0.449,0.157,99.59,0.067
2024-25,1641727,Dariq Whitehead,BKN,20,12.3,98.7,109.7,-11.1,0.078,9.6,0.015,0.105,0.056,12.0,0.578,0.58,0.189,103.67,0.065
2024-25,1629636,Darius Garland,CLE,75,30.7,123.2,113.4,9.9,0.309,25.6,0.021,0.068,0.045,9.6,0.562,0.6,0.265,101.32,0.126
2024-25,1630561,David Duke Jr.,SAS,6,5.6,128.4,91.8,36.6,0.133,19.0,0.032,0.1,0.07,9.5,0.536,0.538,0.207,104.64,0.087
2024-25,1631223,David Roddy,HOU,33,12.4,106.4,114.6,-8.2,0.121,18.0,0.03,0.177,0.101,11.3,0.532,0.561,0.159,104.43,0.089
2024-25,1630558,Davion Mitchell,MIA,74,27.4,111.0,110.7,0.3,0.237,36.2,0.017,0.063,0.041,12.8,0.557,0.573,0.135,98.76,0.069
2024-25,1630549,Day'Ron Sharpe,BKN,50,18.1,109.2,107.1,2.1,0.158,18.1,0.149,0.202,0.174,12.5,0.538,0.568,0.186,97.35,0.134
2024-25,1628368,De'Aaron Fox,SAS,62,36.1,113.7,114.9,-1.2,0.262,21.0,0.023,0.106,0.064,9.3,0.514,0.56,0.274,102.22,0.119
2024-25,1629631,De'Andre Hunter,CLE,64,27.2,115.9,113.9,2.0,0.077,8.7,0.024,0.117,0.071,7.8,0.573,0.623,0.221,104.77,0.101
2024-25,1629001,De'Anthony Melton,BKN,6,20.2,108.3,97.4,10.9,0.205,20.0,0.046,0.104,0.075,11.8,0.528,0.539,0.223,105.54,0.091
2024-25,201599,DeAndre Jordan,DEN,56,12.3,108.8,112.1,-3.3,0.105,20.2,0.119,0.262,0.194,15.3,0.65,0.621,0.126,100.07,0.115
2024-25,201942,DeMar DeRozan,SAC,77,35.9,116.8,115.3,1.5,0.182,17.7,0.018,0.09,0.054,5.4,0.509,0.569,0.244,99.35,0.112
2024-25,1629731,Dean Wade,CLE,59,21.2,120.0,109.4,10.7,0.073,20.1,0.041,0.15,0.097,5.8,0.561,0.563,0.101,101.1,0.067
2024-25,1629028,Deandre Ayton,POR,40,30.1,110.0,116.8,-6.9,0.083,10.2,0.099,0.243,0.168,11.0,0.573,0.583,0.197,98.94,0.125
2024-25,1627749,Dejounte Murray,NOP,31,32.6,109.0,118.1,-9.1,0.347,25.9,0.015,0.183,0.094,12.0,0.445,0.494,0.263,102.86,0.118
2024-25,1626153,Delon Wright,NYK,40,15.9,106.1,106.3,-0.2,0.162,31.8,0.042,0.061,0.051,9.1,0.42,0.44,0.111,98.84,0.061
2024-25,1630166,Deni Avdija,POR,72,30.0,113.6,114.5,-0.9,0.193,19.0,0.048,0.19,0.117,13.3,0.55,0.605,0.228,99.86,0.126
2024-25,203471,Dennis Schröder,DET,75,28.1,111.8,112.8,-0.9,0.287,27.6,0.012,0.08,0.046,9.7,0.483,0.531,0.211,100.49,0.091
2024-25,1641726,Dereck Lively II,DAL,36,23.1,114.1,106.4,7.7,0.143,24.3,0.122,0.186,0.155,11.7,0.702,0.704,0.132,100.99,0.124
2024-25,1627884,Derrick Jones Jr.,LAC,77,24.3,115.5,108.7,6.7,0.044,7.8,0.051,0.092,0.072,8.6,0.593,0.609,0.16,99.72,0.076
2024-25,1628401,Derrick White,BOS,76,33.9,119.7,109.5,10.2,0.199,23.7,0.025,0.101,0.064,8.6,0.58,0.606,0.195,97.89,0.106
2024-25,1630217,Desmond Bane,ORL,69,32.0,116.1,113.3,2.8,0.235,22.7,0.026,0.15,0.088,10.4,0.565,0.6,0.227,104.58,0.131
2024-25,1626164,Devin Booker,PHX,75,37.3,115.3,118.5,-3.2,0.301,22.4,0.028,0.08,0.055,9.3,0.525,0.589,0.285,98.72,0.122
2024-25,1642269,Devin Carter,SAC,36,11.0,113.1,109.3,3.9,0.139,19.9,0.044,0.147,0.093,8.7,0.441,0.471,0.169,100.14,0.07
2024-25,1630170,Devin Vassell,SAS,64,31.0,111.9,118.1,-6.2,0.139,15.2,0.016,0.107,0.062,7.3,0.532,0.553,0.217,100.8,0.092
2024-25,1628415,Dillon Brooks,HOU,75,31.8,113.5,108.8,4.7,0.076,11.1,0.028,0.081,0.054,6.6,0.533,0.555,0.176,98.94,0.067
2024-25,1641794,Dillon Jones,OKC,54,10.2,108.9,102.9,6.0,0.143,25.0,0.05,0.153,0.102,12.1,0.444,0.464,0.131,101.09,0.066
2024-25,1627734,Domantas Sabonis,SAC,70,34.7,116.5,113.9,2.6,0.251,25.7,0.11,0.286,0.199,12.3,0.627,0.655,0.213,99.78,0.164
2024-25,1631230,Dominick Barlow,ATL,35,10.7,110.2,111.8,-1.6,0.07,12.7,0.091,0.139,0.114,3.3,0.562,0.58,0.141,104.7,0.082
2024-25,1642270,Donovan Clingan,POR,67,19.8,109.9,109.7,0.2,0.081,14.6,0.144,0.218,0.179,13.7,0.56,0.574,0.135,101.68,0.105
2024-25,1628378,Donovan Mitchell,CLE,71,31.4,119.7,109.1,10.5,0.238,18.0,0.025,0.112,0.069,7.6,0.531,0.575,0.298,102.21,0.137
2024-25,1628978,Donte DiVincenzo,MIN,62,25.9,114.2,109.1,5.1,0.203,23.8,0.02,0.115,0.068,10.5,0.568,0.582,0.188,100.17,0.1
2024-25,1627827,Dorian Finney-Smith,LAL,63,28.9,119.1,110.3,8.8,0.066,15.0,0.047,0.089,0.069,9.3,0.597,0.604,0.123,98.14,0.06
2024-25,203926,Doug McDermott,SAC,42,8.1,111.5,109.9,1.6,0.028,5.3,0.009,0.054,0.031,4.5,0.615,0.617,0.15,101.3,0.051
2024-25,203110,Draymond Green,GSW,68,29.2,115.4,108.8,6.6,0.255,33.9,0.036,0.168,0.102,15.4,0.503,0.534,0.157,101.35,0.088
2024-25,1629234,Drew Eubanks,LAC,61,12.2,106.7,114.8,-8.1,0.11,16.7,0.078,0.211,0.145,12.7,0.601,0.622,0.149,102.72,0.111
2024-25,1641809,Drew Peterson,BOS,25,7.4,115.7,102.9,12.8,0.095,19.7,0.051,0.161,0.108,12.1,0.573,0.601,0.121,96.96,0.078
2024-25,1631166,Drew Timme,BKN,9,28.2,102.8,115.5,-12.6,0.137,14.0,0.06,0.194,0.123,10.5,0.485,0.5,0.205,100.3,0.086
2024-25,1630696,Dru Smith,MIA,14,19.2,107.3,100.5,6.8,0.128,21.5,0.042,0.086,0.064,15.9,0.639,0.656,0.131,100.58,0.082
2024-25,1629130,Duncan Robinson,MIA,74,24.1,110.1,109.9,0.2,0.148,18.6,0.01,0.084,0.047,9.1,0.581,0.595,0.187,97.68,0.078
2024-25,1641871,Duop Reath,POR,46,10.2,108.0,114.5,-6.5,0.083,11.9,0.082,0.111,0.095,7.3,0.524,0.552,0.162,102.71,0.077
2024-25,203939,Dwight Powell,DAL,55,10.0,108.6,109.7,-1.1,0.13,36.2,0.084,0.131,0.107,11.8,0.705,0.713,0.073,102.17,0.073
2024-25,1630700,Dyson Daniels,ATL,76,33.8,113.3,114.2,-0.9,0.174,22.6,0.046,0.127,0.085,10.5,0.536,0.545,0.178,104.17,0.099
2024-25,1630604,E.J. Liddell,CHI,12,4.4,117.9,126.4,-8.6,0.064,14.3,0.065,0.102,0.086,9.5,0.633,0.661,0.13,110.79,0.047
2024-25,203901,Elfrid Payton,NOP,24,21.3,99.7,113.1,-13.4,0.443,47.4,0.027,0.114,0.071,16.9,0.332,0.34,0.151,101.3,0.079
2024-25,1641989,Elijah Harkless,UTA,10,13.8,113.2,103.5,9.7,0.073,16.3,0.058,0.092,0.074,6.1,0.414,0.425,0.12,99.3,0.037
2024-25,1641801,Emanuel Miller,CHI,6,4.1,120.4,130.4,-10.0,0.105,18.2,0.167,0.138,0.151,0.0,0.5,0.563,0.143,106.74,0.092
2024-25,1641734,Emoni Bates,CLE,10,7.5,89.0,110.5,-21.5,0.2,16.7,0.0,0.075,0.036,4.2,0.487,0.487,0.201,104.3,0.08
2024-25,1642402,Enrique Freeman,IND,22,8.2,104.4,110.7,-6.3,0.062,15.0,0.054,0.106,0.078,10.0,0.446,0.507,0.109,107.55,0.04
2024-25,201569,Eric Gordon,PHI,39,19.7,111.0,116.4,-5.4,0.118,20.5,0.011,0.052,0.031,8.8,0.564,0.591,0.14,99.62,0.067
2024-25,1630596,Evan Mobley,CLE,71,30.5,120.5,108.6,11.9,0.149,16.1,0.076,0.213,0.147,10.3,0.604,0.633,0.226,102.16,0.151
2024-25,1630532,Franz Wagner,ORL,60,33.7,111.8,105.8,6.0,0.247,16.5,0.027,0.146,0.085,8.0,0.507,0.558,0.306,97.65,0.153
2024-25,1627832,Fred VanVleet,HOU,60,35.2,115.0,108.8,6.2,0.217,27.0,0.014,0.089,0.049,7.1,0.483,0.515,0.176,98.18,0.093
2024-25,1641713,GG Jackson,MEM,29,15.8,112.7,118.6,-5.9,0.085,10.5,0.055,0.13,0.093,11.2,0.452,0.482,0.219,102.73,0.064
2024-25,1629216,Gabe Vincent,LAL,72,21.2,111.8,110.7,1.1,0.09,17.2,0.013,0.045,0.029,7.2,0.53,0.536,0.131,100.07,0.039
2024-25,202066,Garrett Temple,TOR,28,8.1,106.6,111.1,-4.5,0.171,29.0,0.036,0.09,0.061,9.3,0.35,0.406,0.129,105.94,0.051
2024-25,1629726,Garrison Mathews,ATL,47,17.6,107.9,111.4,-3.5,0.102,16.0,0.015,0.085,0.049,8.2,0.562,0.606,0.153,105.43,0.068
2024-25,203914,Gary Harris,ORL,48,14.8,110.4,103.2,7.2,0.058,16.3,0.026,0.063,0.044,9.2,0.519,0.524,0.09,99.58,0.043
2024-25,1627780,Gary Payton II,GSW,62,15.0,113.5,110.1,3.4,0.132,19.1,0.056,0.134,0.096,9.0,0.626,0.635,0.156,102.12,0.104
2024-25,1629018,Gary Trent Jr.,MIL,74,25.6,115.9,114.0,1.9,0.064,10.6,0.011,0.074,0.044,5.1,0.568,0.591,0.168,100.75,0.07
2024-25,1627777,Georges Niang,ATL,79,21.5,118.7,114.1,4.7,0.087,13.2,0.027,0.126,0.077,9.8,0.595,0.607,0.177,102.45,0.071
2024-25,203507,Giannis Antetokounmpo,MIL,67,34.2,118.9,111.7,7.2,0.339,19.2,0.067,0.266,0.172,9.1,0.607,0.625,0.346,100.18,0.21
2024-25,1629048,Goga Bitadze,ORL,70,20.4,110.1,107.4,2.7,0.142,22.6,0.116,0.227,0.169,11.9,0.615,0.631,0.142,95.8,0.134
2024-25,1641711,Gradey Dick,TOR,54,29.4,110.3,116.1,-5.8,0.087,10.9,0.027,0.092,0.059,9.3,0.498,0.543,0.209,101.36,0.071
2024-25,1629684,Grant Williams,CHA,16,29.9,114.9,113.3,1.6,0.107,18.0,0.035,0.134,0.083,13.6,0.549,0.596,0.146,99.95,0.076
2024-25,1628960,Grayson Allen,PHX,64,24.1,114.7,118.0,-3.3,0.125,18.2,0.023,0.103,0.064,10.0,0.6,0.631,0.169,100.84,0.084
2024-25,1627824,Guerschon Yabusele,PHI,70,27.1,113.5,116.7,-3.2,0.114,17.2,0.07,0.149,0.108,10.1,0.593,0.616,0.163,97.28,0.092
2024-25,1630611,Gui Santos,GSW,56,13.6,117.8,107.3,10.6,0.138,25.1,0.085,0.127,0.106,13.2,0.553,0.575,0.126,99.78,0.073
2024-25,203084,Harrison Barnes,SAS,82,27.2,114.5,115.6,-1.2,0.085,14.2,0.042,0.091,0.067,5.2,0.622,0.656,0.157,100.08,0.092
2024-25,1631127,Harrison Ingram,SAS,5,7.0,132.0,92.0,40.0,0.086,37.5,0.067,0.175,0.129,12.5,0.5,0.5,0.06,103.6,0.08
2024-25,1629312,Haywood Highsmith,MIA,74,24.6,111.8,110.4,1.4,0.084,19.5,0.04,0.098,0.069,9.4,0.572,0.583,0.111,97.33,0.057
2024-25,1630529,Herbert Jones,NOP,20,32.4,111.8,112.5,-0.7,0.134,22.3,0.033,0.085,0.059,12.0,0.5,0.541,0.146,100.76,0.062
2024-25,1641816,Hunter Tyson,DEN,51,7.8,98.5,108.7,-10.2,0.074,12.0,0.055,0.124,0.088,8.4,0.471,0.506,0.146,104.6,0.057
2024-25,1630193,Immanuel Quickley,TOR,33,27.8,109.0,110.7,-1.6,0.32,25.7,0.016,0.107,0.06,7.8,0.517,0.57,0.246,101.44,0.128
2024-25,1642403,Isaac Jones,SAC,40,7.6,104.6,115.1,-10.5,0.057,9.5,0.071,0.12,0.095,12.7,0.669,0.678,0.152,102.68,0.087
2024-25,1630171,Isaac Okoro,CLE,55,19.1,122.1,109.7,12.5,0.078,17.9,0.047,0.072,0.06,6.1,0.569,0.587,0.124,100.08,0.057
2024-25,1642268,Isaiah Collier,UTA,71,25.9,108.3,118.6,-10.4,0.342,34.9,0.017,0.104,0.061,16.3,0.459,0.494,0.186,102.44,0.077
2024-25,1642384,Isaiah Crawford,SAC,15,3.0,112.0,92.7,19.3,0.029,6.7,0.023,0.149,0.088,6.7,0.5,0.509,0.122,103.01,0.07
2024-25,1628392,Isaiah Hartenstein,OKC,57,27.9,118.3,105.3,13.0,0.178,25.9,0.103,0.262,0.185,11.3,0.581,0.599,0.165,101.56,0.138
2024-25,1630543,Isaiah Jackson,IND,5,16.8,112.5,107.1,5.4,0.079,12.5,0.126,0.168,0.149,12.5,0.609,0.6,0.164,105.29,0.095
2024-25,1630198,Isaiah Joe,OKC,74,21.7,119.9,104.1,15.8,0.096,15.6,0.025,0.089,0.058,5.0,0.604,0.617,0.166,102.23,0.089
2024-25,1630600,Isaiah Mobley,PHI,1,17.4,92.7,110.0,-17.3,0.556,38.5,0.04,0.158,0.091,0.0,0.357,0.381,0.17,111.94,0.099
2024-25,1641815,Isaiah Stevens,MIA,3,1.8,61.5,30.8,30.8,0.0,0.0,0.0,0.222,0.125,0.0,0.0,0.0,0.143,112.43,0.125
2024-25,1630191,Isaiah Stewart,DET,72,19.9,109.1,108.6,0.5,0.12,22.7,0.086,0.17,0.129,12.5,0.586,0.616,0.121,101.75,0.096
2024-25,1631209,Isaiah Wong,CHA,20,13.3,100.0,102.6,-2.6,0.187,16.8,0.051,0.071,0.06,10.8,0.452,0.5,0.22,98.35,0.077
2024-25,1627826,Ivica Zubac,LAC,80,32.8,116.5,107.1,9.4,0.121,15.5,0.122,0.271,0.199,9.2,0.628,0.641,0.192,98.55,0.157
2024-25,1631120,JD Davison,BOS,16,5.8,91.7,105.4,-13.7,0.277,20.6,0.02,0.118,0.067,20.6,0.412,0.445,0.228,94.28,0.079
2024-25,1630550,JT Thor,WAS,20,12.5,95.3,115.3,-20.0,0.04,7.1,0.07,0.101,0.085,10.6,0.475,0.517,0.132,98.57,0.065
2024-25,1629630,Ja Morant,MEM,50,30.4,116.4,109.6,6.8,0.355,23.1,0.021,0.101,0.062,11.8,0.504,0.563,0.312,105.74,0.141
2024-25,1642266,Ja'Kobe Walter,TOR,52,21.2,108.6,111.1,-2.4,0.105,14.5,0.049,0.092,0.07,8.9,0.487,0.523,0.179,101.29,0.068
2024-25,1631095,Jabari Smith Jr.,HOU,57,30.1,113.4,106.1,7.3,0.048,8.1,0.055,0.162,0.107,8.2,0.525,0.562,0.16,100.0,0.093
2024-25,1631133,Jabari Walker,POR,60,12.5,108.1,107.6,0.5,0.071,11.2,0.072,0.198,0.133,10.3,0.576,0.601,0.156,103.86,0.107
2024-25,1629098,Jack McVeigh,HOU,9,4.8,84.7,93.9,-9.2,0.038,5.0,0.039,0.056,0.048,10.0,0.412,0.412,0.176,109.32,0.02
2024-25,1642050,Jackson Rowe,GSW,6,8.6,116.4,103.5,12.9,0.1,16.0,0.046,0.167,0.097,4.0,0.559,0.56,0.142,109.95,0.101
2024-25,1631210,Jacob Toppin,ATL,17,4.4,89.9,104.4,-14.5,0.133,19.4,0.041,0.148,0.097,9.7,0.523,0.523,0.14,101.56,0.09
2024-25,1630702,Jaden Hardy,DAL,57,15.9,108.3,111.6,-3.2,0.138,13.2,0.01,0.085,0.048,13.3,0.527,0.549,0.244,102.83,0.069
2024-25,1631093,Jaden Ivey,DET,30,29.9,110.5,114.6,-4.1,0.207,17.7,0.043,0.091,0.067,13.2,0.536,0.569,0.256,99.52,0.099
2024-25,1630183,Jaden McDaniels,MIN,82,31.9,113.9,109.9,4.0,0.091,14.2,0.048,0.126,0.087,8.3,0.537,0.562,0.16,98.07,0.086
2024-25,1630531,Jaden Springer,UTA,43,8.5,105.6,108.9,-3.3,0.13,21.0,0.044,0.107,0.076,10.2,0.456,0.511,0.139,102.79,0.063
2024-25,203109,Jae Crowder,SAC,9,11.4,101.9,109.2,-7.4,0.077,17.6,0.055,0.133,0.093,11.8,0.409,0.467,0.113,100.89,0.048
2024-25,1630256,Jae'Sean Tate,HOU,52,11.3,111.0,104.7,6.3,0.107,19.7,0.072,0.108,0.089,9.2,0.527,0.557,0.126,103.16,0.071
2024-25,1626143,Jahlil Okafor,IND,1,3.4,125.0,62.5,62.5,0.25,100.0,0.0,0.25,0.111,0.0,0.0,0.0,0.0,114.06,0.133
2024-25,1642443,Jahmir Young,CHI,6,4.9,110.0,123.5,-13.5,0.231,46.2,0.042,0.059,0.052,7.7,0.9,0.935,0.092,111.64,0.1
2024-25,1631170,Jaime Jaquez Jr.,MIA,66,20.7,107.9,113.9,-6.0,0.181,21.1,0.06,0.145,0.103,12.4,0.501,0.543,0.194,99.18,0.098
2024-25,1631222,Jake LaRavia,SAC,66,20.4,115.0,111.2,3.8,0.15,24.9,0.063,0.12,0.091,13.5,0.564,0.591,0.14,103.86,0.081
2024-25,1627751,Jakob Poeltl,TOR,57,29.6,111.2,111.9,-0.7,0.136,17.4,0.11,0.206,0.158,12.2,0.628,0.641,0.184,101.44,0.133
2024-25,1641779,Jalen Bridges,PHX,8,3.8,98.4,88.7,9.7,0.0,0.0,0.0,0.121,0.062,30.8,0.429,0.514,0.197,98.77,0.026
2024-25,1628973,Jalen Brunson,NYK,65,35.4,118.3,115.7,2.6,0.318,23.5,0.012,0.072,0.042,8.1,0.551,0.605,0.289,97.79,0.138
2024-25,1631105,Jalen Duren,DET,78,26.1,115.5,114.0,1.5,0.141,21.0,0.137,0.259,0.199,13.6,0.692,0.703,0.161,101.29,0.14
2024-25,1630224,Jalen Green,HOU,82,32.9,113.8,111.1,2.8,0.159,13.7,0.015,0.12,0.065,9.9,0.505,0.544,0.267,99.75,0.111
2024-25,1641720,Jalen Hood-Schifino,PHI,15,21.0,107.2,123.5,-16.4,0.165,22.7,0.009,0.077,0.041,11.0,0.449,0.494,0.164,101.36,0.049
2024-25,1630552,Jalen Johnson,ATL,36,35.7,111.8,110.2,1.6,0.203,20.5,0.046,0.216,0.132,12.0,0.541,0.569,0.214,106.68,0.135
2024-25,1629667,Jalen McDaniels,SAC,4,1.8,81.3,77.8,3.5,0.25,100.0,0.0,0.0,0.0,0.0,0.0,0.0,0.0,111.25,0.114
2024-25,1629618,Jalen Pickett,DEN,49,13.6,112.6,109.7,2.9,0.211,34.1,0.022,0.078,0.051,7.6,0.539,0.545,0.13,99.25,0.078
2024-25,1630188,Jalen Smith,CHI,64,15.0,110.3,111.5,-1.2,0.101,11.9,0.085,0.241,0.165,6.8,0.554,0.586,0.201,106.06,0.133
2024-25,1630591,Jalen Suggs,ORL,35,28.6,105.7,104.8,1.0,0.216,17.0,0.023,0.126,0.072,13.5,0.489,0.536,0.268,99.02,0.107
2024-25,1631114,Jalen Williams,OKC,69,32.4,116.7,106.5,10.2,0.233,19.7,0.026,0.131,0.079,8.3,0.537,0.573,0.27,102.44,0.138
2024-25,1630592,Jalen Wilson,BKN,79,25.7,106.9,113.7,-6.7,0.11,15.9,0.035,0.102,0.067,8.6,0.495,0.541,0.161,97.23,0.065
2024-25,1631288,Jamal Cain,NOP,37,13.6,106.4,119.3,-12.9,0.065,9.8,0.05,0.117,0.082,9.8,0.513,0.544,0.167,100.49,0.067
2024-25,1627750,Jamal Murray,DEN,67,36.1,122.0,115.5,6.5,0.223,22.9,0.019,0.084,0.053,7.8,0.543,0.584,0.235,100.72,0.111
2024-25,1642347,Jamal Shead,TOR,75,19.6,105.5,113.3,-7.8,0.307,32.8,0.019,0.057,0.037,12.1,0.476,0.499,0.179,102.18,0.07
2024-25,1631123,Jamaree Bouyea,MIL,5,12.3,118.5,117.8,0.6,0.213,30.3,0.019,0.058,0.041,24.2,0.542,0.581,0.163,100.75,0.067
2024-25,201935,James Harden,LAC,79,35.3,115.4,109.2,6.2,0.365,26.9,0.02,0.143,0.083,13.4,0.501,0.582,0.286,98.82,0.145
2024-25,201949,James Johnson,IND,12,3.1,97.4,110.5,-13.1,0.16,21.1,0.0,0.176,0.087,21.1,0.364,0.35,0.165,100.28,0.015
2024-25,1630164,James Wiseman,IND,1,4.6,118.2,141.7,-23.5,0.0,0.0,0.0,0.25,0.125,0.0,0.5,0.615,0.455,119.14,0.156
2024-25,1642419,Jamison Battle,TOR,59,17.7,105.0,113.4,-8.4,0.073,12.2,0.032,0.117,0.072,6.2,0.581,0.59,0.147,102.32,0.072
2024-25,1641716,Jarace Walker,IND,75,15.8,107.0,112.1,-5.0,0.129,19.1,0.021,0.178,0.098,13.5,0.576,0.59,0.165,103.23,0.087
2024-25,1630215,Jared Butler,PHI,60,17.4,108.5,114.5,-6.0,0.317,27.9,0.022,0.076,0.049,10.2,0.514,0.549,0.222,102.6,0.102
2024-25,1642272,Jared McCain,PHI,23,25.7,109.3,111.4,-2.1,0.171,15.2,0.022,0.076,0.048,9.3,0.553,0.589,0.243,98.18,0.106
2024-25,1631197,Jared Rhoden,TOR,14,16.2,118.1,103.4,14.7,0.098,12.9,0.052,0.113,0.082,7.3,0.552,0.602,0.183,103.89,0.106
2024-25,1628991,Jaren Jackson Jr.,MEM,74,29.8,115.2,108.8,6.4,0.102,8.8,0.038,0.134,0.087,9.1,0.548,0.591,0.274,105.56,0.124
2024-25,1629020,Jarred Vanderbilt,LAL,36,16.1,115.6,112.2,3.3,0.094,19.9,0.114,0.194,0.154,14.1,0.525,0.537,0.116,100.61,0.082
2024-25,1628386,Jarrett Allen,CLE,82,28.0,121.9,111.3,10.5,0.091,15.5,0.095,0.238,0.169,9.5,0.706,0.724,0.156,101.43,0.148
2024-25,1629750,Javonte Green,CLE,68,18.5,109.1,117.0,-7.8,0.059,13.8,0.042,0.122,0.081,7.9,0.509,0.541,0.113,101.97,0.064
2024-25,1629637,Jaxson Hayes,LAL,56,19.5,112.3,109.8,2.5,0.076,15.8,0.074,0.163,0.121,11.7,0.722,0.72,0.12,100.51,0.097
2024-25,1630643,Jay Huff,MEM,64,11.7,111.0,110.1,0.8,0.077,9.4,0.039,0.12,0.081,8.4,0.648,0.666,0.194,106.71,0.108
2024-25,1627759,Jaylen Brown,BOS,63,34.3,121.1,111.7,9.5,0.204,16.8,0.037,0.126,0.082,9.5,0.515,0.555,0.282,98.57,0.114
2024-25,1641740,Jaylen Clark,MIN,40,13.0,115.2,109.6,5.6,0.067,15.1,0.047,0.053,0.05,4.7,0.558,0.598,0.115,101.98,0.057
2024-25,1641798,Jaylen Martin,WAS,16,14.9,93.6,120.7,-27.1,0.12,16.0,0.04,0.141,0.086,11.3,0.466,0.497,0.155,100.58,0.074
2024-25,1629669,Jaylen Nowell,WAS,8,21.0,100.9,114.0,-13.1,0.176,17.3,0.032,0.086,0.058,7.7,0.411,0.43,0.215,96.24,0.06
2024-25,1631301,Jaylen Sims,CHA,6,18.6,100.4,120.4,-20.0,0.176,21.8,0.025,0.025,0.025,14.5,0.536,0.607,0.159,100.89,0.057
2024-25,1642377,Jaylen Wells,MEM,79,25.9,116.7,111.9,4.7,0.082,14.4,0.04,0.083,0.061,7.4,0.527,0.56,0.156,104.64,0.065
2024-25,1631119,Jaylin Williams,OKC,47,16.7,121.0,103.0,17.9,0.19,30.9,0.059,0.251,0.158,9.0,0.577,0.594,0.141,102.7,0.124
2024-25,1642281,Jaylon Tyson,CLE,47,9.6,108.4,108.8,-0.4,0.135,19.1,0.076,0.117,0.097,11.3,0.497,0.523,0.164,101.31,0.075
2024-25,1628369,Jayson Tatum,BOS,72,36.4,119.6,109.8,9.8,0.266,18.9,0.017,0.206,0.112,9.2,0.537,0.582,0.301,98.14,0.158
2024-25,1641789,Jazian Gortman,DAL,16,3.5,103.8,99.2,4.6,0.154,17.1,0.016,0.065,0.04,14.3,0.478,0.485,0.195,109.79,0.031
2024-25,1630288,Jeff Dowtin Jr.,PHI,41,15.1,107.6,116.7,-9.2,0.196,22.8,0.018,0.079,0.047,4.4,0.548,0.57,0.176,99.32,0.106
2024-25,201145,Jeff Green,HOU,32,12.4,112.2,116.1,-3.9,0.068,12.4,0.024,0.108,0.065,5.6,0.624,0.649,0.144,100.43,0.085
2024-25,203924,Jerami Grant,POR,47,32.4,107.4,113.4,-6.1,0.099,12.5,0.015,0.088,0.05,8.0,0.467,0.523,0.192,100.41,0.07
2024-25,1630526,Jeremiah Robinson-Earl,NOP,66,18.8,107.2,119.0,-11.8,0.101,17.2,0.082,0.166,0.122,10.0,0.536,0.563,0.14,100.95,0.087
2024-25,1631110,Jeremy Sochan,SAS,54,25.3,111.9,114.5,-2.7,0.138,17.4,0.088,0.154,0.121,11.4,0.565,0.589,0.184,101.53,0.101
2024-25,1630579,Jericho Sims,MIL,53,11.9,111.5,109.1,2.4,0.068,23.1,0.114,0.196,0.156,23.1,0.634,0.639,0.074,98.7,0.07
2024-25,1642399,Jesse Edwards,MIN,2,2.3,72.7,150.0,-77.3,0.25,100.0,0.0,0.0,0.0,0.0,0.0,0.0,0.0,118.29,-0.043
2024-25,1641724,Jett Howard,ORL,60,11.7,103.0,108.7,-5.7,0.102,12.5,0.026,0.074,0.048,10.2,0.479,0.491,0.181,99.92,0.045
2024-25,1628975,Jevon Carter,CHI,36,8.9,114.8,111.5,3.3,0.166,19.9,0.012,0.094,0.054,5.5,0.497,0.509,0.2,106.46,0.082
2024-25,202710,Jimmy Butler III,GSW,55,31.7,115.9,109.6,6.3,0.26,26.2,0.07,0.101,0.085,6.5,0.531,0.626,0.203,98.95,0.145
2024-25,1629111,Jock Landale,HOU,42,11.9,110.5,112.6,-2.1,0.102,16.3,0.099,0.151,0.125,9.3,0.569,0.59,0.148,103.58,0.097
2024-25,204060,Joe Ingles,MIN,19,6.0,108.9,113.1,-4.2,0.261,41.8,0.017,0.08,0.048,16.4,0.326,0.326,0.113,102.03,0.025
2024-25,203954,Joel Embiid,PHI,19,30.2,104.0,109.5,-5.5,0.286,15.8,0.062,0.207,0.134,11.5,0.481,0.58,0.342,99.95,0.169
2024-25,1628381,John Collins,UTA,40,30.5,112.4,113.3,-0.9,0.105,10.2,0.073,0.179,0.128,13.2,0.583,0.628,0.234,101.72,0.129
2024-25,1629723,John Konchar,MEM,46,12.1,113.2,107.8,5.4,0.095,27.6,0.06,0.187,0.123,10.5,0.577,0.592,0.077,105.46,0.094
2024-25,1631098,Johnny Davis,WAS,34,7.1,104.7,107.2,-2.5,0.064,10.7,0.036,0.104,0.069,6.8,0.455,0.473,0.15,106.66,0.067
2024-25,1642277,Johnny Furphy,IND,50,7.6,106.1,105.4,0.6,0.063,14.4,0.06,0.126,0.093,9.1,0.462,0.506,0.118,105.49,0.059
2024-25,1630548,Johnny Juzang,UTA,64,19.8,107.2,120.3,-13.1,0.08,11.3,0.031,0.109,0.07,6.0,0.554,0.573,0.174,102.1,0.071
2024-25,202685,Jonas Valančiūnas,SAC,81,18.8,109.2,118.8,-9.6,0.171,16.6,0.122,0.286,0.203,12.2,0.557,0.602,0.222,101.28,0.147
2024-25,1628371,Jonathan Isaac,ORL,71,15.4,105.9,106.6,-0.7,0.056,9.0,0.1,0.188,0.141,7.4,0.474,0.512,0.155,98.62,0.108
2024-25,1630228,Jonathan Kuminga,GSW,47,24.3,110.0,108.9,1.0,0.151,12.2,0.045,0.134,0.088,8.3,0.495,0.535,0.271,100.21,0.11
2024-25,1642367,Jonathan Mogbo,TOR,63,20.4,103.7,111.9,-8.2,0.16,24.1,0.076,0.157,0.114,11.5,0.462,0.496,0.145,102.69,0.083
2024-25,203903,Jordan Clarkson,UTA,37,26.0,107.5,117.5,-10.0,0.238,17.8,0.025,0.092,0.058,11.1,0.493,0.54,0.269,102.16,0.102
2024-25,1630692,Jordan Goodwin,LAL,29,18.7,111.2,112.4,-1.2,0.108,19.4,0.068,0.135,0.101,12.0,0.528,0.541,0.134,99.53,0.08
2024-25,1641722,Jordan Hawkins,NOP,56,23.6,106.6,118.1,-11.4,0.076,9.2,0.017,0.097,0.056,8.1,0.471,0.504,0.204,101.14,0.066
2024-25,1629162,Jordan McLaughlin,SAS,46,6.8,118.0,108.9,9.1,0.208,34.2,0.021,0.074,0.05,10.7,0.563,0.6,0.134,99.58,0.083
2024-25,1641757,Jordan Miller,LAC,37,11.4,103.8,109.8,-6.0,0.124,16.2,0.053,0.084,0.068,12.4,0.463,0.509,0.175,100.15,0.07
2024-25,1629673,Jordan Poole,WAS,68,29.4,104.8,117.9,-13.1,0.254,18.0,0.014,0.08,0.046,12.1,0.544,0.591,0.281,103.95,0.107
2024-25,1641775,Jordan Walsh,BOS,52,7.8,111.8,108.0,3.8,0.064,15.3,0.057,0.113,0.085,13.7,0.452,0.464,0.11,98.14,0.045
2024-25,1630631,Jose Alvarado,NOP,56,24.4,108.4,117.1,-8.7,0.278,29.0,0.019,0.077,0.047,9.6,0.498,0.523,0.193,99.89,0.09
2024-25,1630528,Josh Christopher,MIA,14,5.0,105.7,108.2,-2.5,0.145,16.7,0.0,0.115,0.063,12.5,0.387,0.416,0.235,109.7,0.063
2024-25,1630581,Josh Giddey,CHI,70,30.2,113.1,114.4,-1.4,0.322,31.4,0.059,0.192,0.127,12.6,0.531,0.57,0.214,104.47,0.13
2024-25,1630182,Josh Green,CHA,68,27.8,105.3,114.2,-8.9,0.081,17.1,0.027,0.06,0.043,11.1,0.543,0.559,0.115,100.08,0.043
2024-25,1628404,Josh Hart,NYK,77,37.6,117.9,114.3,3.6,0.206,30.8,0.057,0.203,0.13,10.8,0.579,0.611,0.151,97.79,0.119
2024-25,1631169,Josh Minott,MIN,46,6.0,104.0,107.0,-3.0,0.096,14.2,0.044,0.115,0.081,8.7,0.567,0.605,0.16,104.77,0.095
2024-25,1629006,Josh Okogie,CHA,40,15.6,108.8,109.3,-0.5,0.082,10.5,0.066,0.108,0.086,9.9,0.519,0.567,0.185,98.69,0.1
2024-25,1626196,Josh Richardson,MIA,8,18.7,104.1,114.7,-10.6,0.117,20.0,0.038,0.048,0.042,13.3,0.368,0.402,0.134,100.82,0.015
2024-25,201950,Jrue Holiday,BOS,62,30.6,116.6,107.7,8.9,0.174,25.9,0.038,0.091,0.065,8.3,0.538,0.565,0.156,99.38,0.088
2024-25,1630577,Julian Champagnie,SAS,82,23.6,112.3,114.5,-2.1,0.078,12.6,0.032,0.121,0.077,8.4,0.549,0.577,0.164,102.25,0.079
2024-25,1641763,Julian Phillips,CHI,79,14.2,112.9,111.1,1.8,0.045,10.1,0.056,0.082,0.07,7.0,0.533,0.571,0.126,104.0,0.055
2024-25,1631124,Julian Strawther,DEN,65,21.3,111.9,114.4,-2.5,0.082,12.5,0.012,0.083,0.049,8.6,0.529,0.559,0.173,102.79,0.057
2024-25,203944,Julius Randle,MIN,69,32.3,115.0,111.6,3.4,0.228,20.1,0.065,0.149,0.108,12.2,0.542,0.593,0.246,98.45,0.124
2024-25,1630551,Justin Champagnie,WAS,62,21.6,107.1,116.8,-9.7,0.066,10.8,0.077,0.159,0.119,9.7,0.601,0.614,0.15,102.96,0.101
2024-25,1642348,Justin Edwards,PHI,44,26.2,111.6,123.2,-11.6,0.084,13.3,0.038,0.094,0.065,9.5,0.546,0.559,0.165,99.43,0.062
2024-25,1631303,Justin Minaya,POR,19,5.3,95.0,101.9,-6.9,0.108,20.6,0.047,0.055,0.051,14.7,0.429,0.411,0.107,103.22,0.02
2024-25,203994,Jusuf Nurkić,CHA,51,20.8,106.1,115.1,-9.0,0.167,18.6,0.077,0.285,0.181,15.7,0.523,0.555,0.202,99.79,0.116
2024-25,1630231,KJ Martin,UTA,43,21.2,109.3,117.4,-8.1,0.074,16.4,0.032,0.103,0.067,8.2,0.59,0.618,0.112,100.63,0.061
2024-25,1642354,KJ Simpson,CHA,36,23.4,101.0,116.4,-15.4,0.21,22.8,0.042,0.081,0.06,11.4,0.4,0.437,0.188,99.1,0.06
2024-25,1630539,Kai Jones,DAL,40,11.7,107.0,109.2,-2.3,0.08,15.2,0.089,0.173,0.133,11.0,0.803,0.804,0.128,99.77,0.131
2024-25,1626157,Karl-Anthony Towns,NYK,72,35.0,119.4,112.7,6.8,0.13,12.4,0.087,0.284,0.187,10.7,0.584,0.63,0.265,99.25,0.161
2024-25,1631255,Karlo Matković,NOP,42,18.8,109.4,114.1,-4.7,0.083,13.5,0.079,0.177,0.129,12.6,0.619,0.639,0.155,101.91,0.096
2024-25,202695,Kawhi Leonard,LAC,37,31.9,120.3,107.9,12.4,0.147,13.5,0.033,0.158,0.098,8.4,0.56,0.589,0.28,97.26,0.134
2024-25,1630811,Keaton Wallace,ATL,31,16.2,106.2,108.4,-2.2,0.224,28.8,0.013,0.08,0.047,11.7,0.485,0.503,0.164,102.77,0.074
2024-25,1631099,Keegan Murray,SAC,76,34.3,114.8,113.4,1.5,0.055,10.7,0.056,0.134,0.095,5.9,0.538,0.553,0.148,100.09,0.075
2024-25,1631232,Keion Brooks Jr.,NOP,14,23.7,100.7,121.2,-20.5,0.062,8.8,0.034,0.136,0.084,8.2,0.55,0.581,0.169,101.63,0.079
2024-25,1642276,Kel'el Ware,MIA,64,22.2,112.8,110.9,1.9,0.062,9.8,0.087,0.238,0.167,9.3,0.592,0.603,0.169,98.6,0.119
2024-25,1629640,Keldon Johnson,SAS,77,23.9,110.1,115.9,-5.8,0.105,11.9,0.057,0.136,0.096,7.3,0.538,0.572,0.207,102.06,0.103
2024-25,203482,Kelly Olynyk,NOP,44,20.2,110.7,113.4,-2.7,0.2,24.4,0.069,0.154,0.112,14.5,0.562,0.609,0.185,100.28,0.098
2024-25,1626162,Kelly Oubre Jr.,PHI,60,34.6,110.7,116.4,-5.7,0.079,10.7,0.046,0.14,0.091,8.0,0.518,0.551,0.186,98.68,0.084
2024-25,1629026,Kenrich Williams,OKC,69,16.4,118.7,104.1,14.5,0.111,19.2,0.056,0.148,0.102,7.7,0.576,0.587,0.151,101.26,0.093
2024-25,203484,Kentavious Caldwell-Pope,MEM,77,29.6,109.1,108.6,0.5,0.086,17.7,0.014,0.064,0.038,8.1,0.543,0.574,0.121,96.52,0.065
2024-25,1631165,Keon Ellis,SAC,80,24.4,116.1,113.2,3.0,0.08,17.4,0.031,0.079,0.055,10.3,0.639,0.664,0.125,99.07,0.073
2024-25,1630553,Keon Johnson,BKN,79,24.4,104.1,114.4,-10.3,0.148,15.5,0.031,0.125,0.076,10.3,0.47,0.499,0.212,98.77,0.07
2024-25,1642352,Keshad Johnson,MIA,16,6.1,105.5,104.1,1.3,0.058,10.5,0.067,0.188,0.136,10.5,0.75,0.718,0.145,106.64,0.114
2024-25,1630556,Kessler Edwards,DAL,40,15.2,110.0,122.3,-12.3,0.09,21.1,0.037,0.154,0.096,8.0,0.578,0.597,0.11,102.71,0.067
2024-25,201142,Kevin Durant,PHX,62,36.5,116.5,117.4,-1.0,0.188,15.2,0.011,0.147,0.084,11.0,0.598,0.642,0.283,99.49,0.142
2024-25,1628989,Kevin Huerter,CHI,69,24.3,114.5,111.7,2.8,0.124,18.4,0.017,0.098,0.058,7.9,0.535,0.544,0.171,102.32,0.073
2024-25,1628995,Kevin Knox II,GSW,14,6.0,112.7,115.6,-2.9,0.086,10.2,0.069,0.149,0.101,8.2,0.556,0.582,0.202,103.28,0.104
2024-25,201567,Kevin Love,MIA,23,10.9,108.7,112.3,-3.6,0.134,13.6,0.08,0.282,0.177,8.6,0.461,0.488,0.23,103.56,0.109
2024-25,1641755,Kevin McCullar Jr.,NYK,4,7.3,93.8,96.9,-3.1,0.111,20.0,0.0,0.286,0.151,0.0,0.286,0.381,0.118,105.33,0.066
2024-25,1629645,Kevin Porter Jr.,MIL,75,19.8,109.1,108.0,1.1,0.276,22.9,0.029,0.148,0.092,12.2,0.492,0.531,0.248,100.63,0.119
2024-25,1626172,Kevon Looney,GSW,76,15.0,112.5,106.9,5.6,0.143,24.7,0.139,0.227,0.181,8.2,0.518,0.535,0.125,100.61,0.114
2024-25,1641718,Keyonte George,UTA,67,31.5,110.1,122.0,-11.9,0.272,23.6,0.012,0.104,0.058,11.5,0.485,0.539,0.237,101.25,0.093
2024-25,203114,Khris Middleton,WAS,37,22.8,114.1,112.6,1.5,0.251,26.0,0.015,0.132,0.076,9.7,0.546,0.588,0.208,104.75,0.114
2024-25,1630165,Killian Hayes,BKN,6,27.1,109.9,115.6,-5.7,0.274,34.8,0.028,0.087,0.055,10.1,0.512,0.559,0.145,101.72,0.085
2024-25,202691,Klay Thompson,DAL,72,27.3,112.8,115.2,-2.4,0.104,12.7,0.022,0.097,0.06,7.7,0.535,0.552,0.214,100.53,0.083
2024-25,1641738,Kobe Brown,LAC,40,6.8,105.9,114.7,-8.7,0.137,21.8,0.07,0.176,0.122,10.9,0.5,0.513,0.134,98.21,0.083
2024-25,1641723,Kobe Bufkin,ATL,10,12.4,95.3,103.3,-8.0,0.213,21.3,0.035,0.123,0.077,10.0,0.426,0.483,0.203,106.96,0.086
2024-25,1627739,Kris Dunn,LAC,74,24.1,113.8,106.0,7.8,0.153,28.7,0.031,0.111,0.072,10.1,0.525,0.531,0.126,99.24,0.07
2024-25,1631200,Kris Murray,POR,69,15.1,106.0,107.8,-1.8,0.09,16.3,0.066,0.096,0.081,10.3,0.468,0.472,0.133,102.7,0.061
2024-25,204001,Kristaps Porziņģis,BOS,42,28.8,116.2,110.3,5.8,0.113,10.8,0.054,0.163,0.11,6.6,0.572,0.618,0.253,99.83,0.132
2024-25,203937,Kyle Anderson,MIA,61,16.4,106.1,107.6,-1.5,0.211,28.3,0.049,0.148,0.097,7.2,0.51,0.538,0.152,100.06,0.108
2024-25,1642271,Kyle Filipowski,UTA,72,21.1,107.7,118.9,-11.3,0.14,17.0,0.07,0.213,0.14,12.4,0.576,0.594,0.184,102.46,0.103
2024-25,1628398,Kyle Kuzma,MIL,65,29.8,105.8,116.1,-10.3,0.123,12.3,0.027,0.155,0.091,11.8,0.493,0.514,0.233,102.96,0.08
2024-25,200768,Kyle Lowry,PHI,35,18.8,103.8,109.6,-5.8,0.206,38.4,0.016,0.086,0.05,8.4,0.474,0.525,0.1,99.28,0.067
2024-25,1630283,Kylor Kelley,LAL,11,11.5,101.4,130.5,-29.1,0.056,13.9,0.079,0.194,0.134,11.1,0.636,0.644,0.097,104.42,0.072
2024-25,202681,Kyrie Irving,DAL,50,36.1,116.5,113.9,2.6,0.198,16.9,0.033,0.093,0.064,8.1,0.549,0.594,0.264,99.98,0.129
2024-25,1642273,Kyshawn George,WAS,68,26.5,105.4,115.5,-10.1,0.133,19.8,0.025,0.122,0.074,11.4,0.476,0.503,0.156,102.7,0.058
2024-25,1630163,LaMelo Ball,CHA,47,32.0,112.7,116.5,-3.9,0.39,21.5,0.028,0.121,0.072,10.4,0.494,0.536,0.342,101.33,0.127
2024-25,1630205,Lamar Stevens,MEM,17,9.1,128.2,101.8,26.4,0.063,9.3,0.027,0.184,0.114,11.6,0.524,0.545,0.21,102.46,0.09
2024-25,1629013,Landry Shamet,NYK,50,15.2,111.6,106.5,5.1,0.049,9.4,0.014,0.064,0.039,7.7,0.596,0.601,0.143,99.55,0.062
2024-25,1626204,Larry Nance Jr.,ATL,24,19.3,107.5,116.5,-9.0,0.125,17.7,0.046,0.174,0.108,7.4,0.626,0.632,0.155,104.76,0.106
2024-25,1628374,Lauri Markkanen,UTA,47,31.4,111.4,117.5,-6.1,0.074,7.7,0.046,0.134,0.09,7.2,0.521,0.571,0.231,101.64,0.103
2024-25,2544,LeBron James,LAL,70,34.9,112.7,114.0,-1.3,0.395,25.6,0.031,0.187,0.112,11.6,0.571,0.604,0.291,100.62,0.169
2024-25,1631159,Leonard Miller,MIN,13,2.4,79.2,98.6,-19.4,0.0,0.0,0.073,0.229,0.145,9.5,0.4,0.54,0.239,107.87,0.202
2024-25,1631311,Lester Quinones,NOP,13,14.1,104.5,110.4,-5.9,0.198,19.8,0.02,0.076,0.048,11.6,0.481,0.514,0.213,105.49,0.065
2024-25,1641857,Liam Robbins,MIL,13,4.4,80.3,85.6,-5.3,0.056,9.5,0.111,0.085,0.098,28.6,0.25,0.363,0.128,106.17,-0.025
2024-25,1630322,Lindy Waters III,DET,52,15.0,111.6,110.2,1.4,0.092,16.0,0.023,0.116,0.067,6.2,0.498,0.504,0.145,99.37,0.061
2024-25,1629022,Lonnie Walker IV,PHI,20,23.8,104.7,118.7,-14.1,0.167,16.7,0.012,0.117,0.063,8.4,0.526,0.548,0.214,101.6,0.091
2024-25,1628366,Lonzo Ball,CHI,35,22.2,113.5,108.0,5.5,0.187,28.0,0.029,0.106,0.068,10.0,0.504,0.524,0.152,105.6,0.078
2024-25,1629652,Luguentz Dort,OKC,71,29.2,120.4,107.3,13.1,0.067,14.8,0.041,0.093,0.067,6.6,0.578,0.586,0.133,101.75,0.063
2024-25,1629029,Luka Dončić,LAL,50,35.4,119.6,110.5,9.1,0.342,21.8,0.023,0.198,0.112,10.2,0.536,0.587,0.328,100.22,0.17
2024-25,1630568,Luka Garza,MIN,39,5.6,107.9,107.5,0.4,0.082,7.6,0.138,0.103,0.121,8.3,0.543,0.573,0.241,105.17,0.101
2024-25,1628379,Luke Kennard,MEM,65,22.6,117.6,114.5,3.1,0.179,29.3,0.024,0.094,0.059,9.8,0.609,0.631,0.14,104.99,0.093
2024-25,1628436,Luke Kornet,BOS,73,18.6,121.2,106.3,14.9,0.115,24.8,0.134,0.139,0.136,6.6,0.668,0.683,0.111,95.87,0.114
2024-25,1631247,Luke Travers,CLE,12,7.3,109.1,109.7,-0.5,0.113,21.6,0.084,0.108,0.097,21.6,0.25,0.287,0.132,101.62,0.022
2024-25,1630644,Mac McClung,ORL,2,5.1,119.0,128.6,-9.5,0.333,60.0,0.0,0.1,0.05,0.0,0.0,0.0,0.087,98.5,0.0
2024-25,1630201,Malachi Flynn,SAS,4,10.9,112.8,109.1,3.7,0.233,26.9,0.077,0.08,0.079,15.4,0.423,0.512,0.196,95.6,0.084
2024-25,1631103,Malaki Branham,SAS,47,9.1,106.1,109.8,-3.7,0.139,13.7,0.016,0.093,0.057,12.3,0.547,0.575,0.233,103.25,0.087
2024-25,1627763,Malcolm Brogdon,WAS,24,23.5,106.5,116.9,-10.4,0.267,23.5,0.036,0.119,0.077,9.1,0.467,0.544,0.231,103.18,0.113
2024-25,1642502,Malevy Leons,OKC,6,3.5,61.4,104.7,-43.3,0.111,16.7,0.04,0.095,0.065,16.7,0.0,0.266,0.102,99.59,-0.069
2024-25,1627736,Malik Beasley,DET,82,27.8,113.3,110.2,3.1,0.089,10.3,0.02,0.069,0.045,6.2,0.579,0.59,0.215,102.76,0.091
2024-25,1628370,Malik Monk,SAC,65,31.6,117.0,114.5,2.5,0.246,23.6,0.014,0.104,0.059,10.4,0.513,0.549,0.236,101.33,0.099
2024-25,1630699,MarJon Beauchamp,NYK,35,4.5,94.8,92.0,2.9,0.124,10.9,0.064,0.198,0.129,14.9,0.492,0.535,0.222,106.73,0.123
2024-25,1630542,Marcus Bagley,PHI,10,25.3,101.1,117.0,-15.9,0.056,11.0,0.078,0.175,0.124,7.7,0.428,0.456,0.128,102.58,0.077
2024-25,1630585,Marcus Garrett,CHA,4,19.8,95.6,119.3,-23.6,0.255,27.1,0.013,0.057,0.036,12.5,0.463,0.487,0.193,97.05,0.057
2024-25,1631204,Marcus Sasser,DET,57,14.2,110.4,107.5,2.9,0.239,26.4,0.021,0.06,0.04,10.7,0.561,0.589,0.187,102.0,0.095
2024-25,203935,Marcus Smart,WAS,34,20.0,109.9,107.3,2.6,0.221,24.1,0.024,0.069,0.047,11.9,0.488,0.529,0.198,107.13,0.086
2024-25,1631109,Mark Williams,CHA,44,26.6,106.3,118.9,-12.7,0.154,15.7,0.103,0.255,0.178,10.2,0.604,0.647,0.21,100.77,0.156
2024-25,1628365,Markelle Fultz,SAC,21,8.8,109.3,105.7,3.6,0.208,24.8,0.036,0.077,0.058,13.8,0.448,0.452,0.196,99.36,0.065
2024-25,202693,Markieff Morris,LAL,15,11.0,106.1,113.9,-7.8,0.191,21.2,0.017,0.114,0.066,5.1,0.364,0.385,0.202,100.86,0.045
2024-25,1628963,Marvin Bagley III,MEM,31,8.6,108.2,108.8,-0.6,0.063,7.6,0.128,0.159,0.143,8.3,0.533,0.56,0.2,103.88,0.123
2024-25,1630222,Mason Jones,SAC,10,4.5,107.4,105.3,2.2,0.379,34.4,0.045,0.149,0.099,3.1,0.528,0.569,0.193,99.93,0.159
2024-25,203486,Mason Plumlee,PHX,74,17.6,115.2,115.0,0.2,0.133,29.5,0.094,0.253,0.176,13.0,0.619,0.645,0.105,100.08,0.098
2024-25,1641824,Matas Buzelis,CHI,80,18.9,110.4,112.1,-1.7,0.072,10.4,0.035,0.133,0.085,9.8,0.541,0.571,0.181,105.38,0.079
2024-25,1629680,Matisse Thybulle,POR,15,20.8,105.3,105.1,0.2,0.126,20.7,0.038,0.122,0.076,9.6,0.597,0.592,0.135,102.37,0.114
2024-25,1630346,Matt Ryan,NOP,19,3.6,80.5,108.8,-28.3,0.083,7.9,0.0,0.113,0.056,7.9,0.419,0.439,0.208,104.75,0.062
2024-25,1631108,Max Christie,DAL,78,27.3,112.6,114.3,-1.7,0.093,16.4,0.019,0.102,0.061,9.9,0.525,0.57,0.15,100.27,0.069
2024-25,1629622,Max Strus,CLE,50,25.5,120.1,112.2,7.9,0.157,26.4,0.041,0.118,0.081,9.0,0.594,0.607,0.143,101.34,0.083
2024-25,1628467,Maxi Kleber,LAL,34,18.7,111.9,112.3,-0.4,0.087,25.0,0.04,0.105,0.073,13.4,0.453,0.489,0.085,101.75,0.035
2024-25,1641721,Maxwell Lewis,BKN,28,11.7,101.2,110.7,-9.6,0.091,13.0,0.051,0.118,0.082,9.6,0.505,0.516,0.164,99.39,0.066
2024-25,1630695,Micah Potter,UTA,38,18.6,108.6,116.2,-7.6,0.058,15.0,0.058,0.153,0.107,15.0,0.537,0.563,0.102,101.29,0.063
2024-25,1629008,Michael Porter Jr.,DEN,77,33.7,119.8,115.4,4.4,0.084,11.8,0.055,0.146,0.103,7.4,0.596,0.617,0.197,101.52,0.101
2024-25,1628969,Mikal Bridges,NYK,82,37.0,118.4,112.9,5.6,0.141,18.3,0.024,0.063,0.043,7.9,0.57,0.585,0.192,98.1,0.09
2024-25,201144,Mike Conley,MIN,71,24.7,115.5,109.0,6.5,0.243,35.6,0.018,0.085,0.052,8.4,0.535,0.573,0.141,97.92,0.092
2024-25,1628970,Miles Bridges,CHA,64,31.7,108.2,113.6,-5.5,0.203,15.7,0.033,0.189,0.11,8.6,0.495,0.541,0.273,100.58,0.135
2024-25,1630540,Miles McBride,NYK,64,24.9,116.8,109.7,7.1,0.155,23.3,0.028,0.069,0.049,5.1,0.511,0.531,0.162,99.2,0.077
2024-25,1641936,Miles Norris,BOS,3,11.6,87.7,110.9,-23.2,0.0,0.0,0.048,0.171,0.108,0.0,0.333,0.354,0.127,88.67,0.088
2024-25,1629011,Mitchell Robinson,NYK,17,17.1,113.8,108.2,5.7,0.062,14.8,0.174,0.176,0.175,11.4,0.661,0.676,0.109,96.37,0.122
2024-25,1628964,Mo Bamba,NOP,32,12.9,103.5,112.5,-9.0,0.068,11.1,0.079,0.268,0.175,12.3,0.531,0.557,0.15,98.15,0.1
2024-25,1628420,Monté Morris,PHX,45,12.7,111.1,108.3,2.8,0.188,23.6,0.021,0.088,0.056,6.8,0.505,0.546,0.173,99.99,0.096
2024-25,1629021,Moritz Wagner,ORL,30,18.8,106.1,107.0,-0.9,0.135,10.9,0.067,0.201,0.131,12.7,0.616,0.649,0.254,99.97,0.165
2024-25,1629650,Moses Brown,DAL,13,9.1,101.5,105.9,-4.4,0.029,3.0,0.098,0.224,0.165,16.7,0.694,0.706,0.216,108.49,0.154
2024-25,1630541,Moses Moody,GSW,74,22.3,113.2,108.9,4.3,0.084,12.4,0.029,0.084,0.056,7.0,0.544,0.578,0.17,100.74,0.076
2024-25,1631243,Mouhamed Gueye,ATL,33,16.1,113.4,104.7,8.8,0.064,11.7,0.078,0.179,0.127,6.5,0.482,0.52,0.155,103.84,0.085
2024-25,1631217,Moussa Diabaté,CHA,71,17.5,106.9,110.3,-3.4,0.069,12.5,0.135,0.209,0.169,13.6,0.596,0.609,0.13,97.32,0.115
2024-25,1626167,Myles Turner,IND,72,30.2,116.1,111.5,4.7,0.072,9.7,0.043,0.169,0.109,10.7,0.577,0.612,0.207,100.19,0.103
2024-25,1642368,N'Faly Dante,HOU,4,12.7,114.9,123.5,-8.6,0.05,10.5,0.122,0.268,0.2,10.5,0.769,0.789,0.133,108.58,0.125
2024-25,1641772,Nae'Qwan Tomlin,CLE,5,12.7,96.4,92.0,4.4,0.053,5.0,0.117,0.145,0.131,5.0,0.438,0.489,0.23,104.1,0.096
2024-25,1630230,Naji Marshall,DAL,69,27.8,111.5,114.7,-3.2,0.161,18.9,0.04,0.125,0.084,10.2,0.551,0.584,0.197,101.27,0.105
2024-25,1631466,Nate Williams,HOU,20,7.3,110.6,116.8,-6.2,0.079,10.1,0.033,0.053,0.043,15.7,0.484,0.496,0.212,108.85,0.038
2024-25,1629675,Naz Reid,MIN,80,27.5,116.2,108.8,7.4,0.123,14.2,0.041,0.171,0.106,8.5,0.556,0.577,0.21,99.34,0.11
2024-25,1629674,Neemias Queta,BOS,62,13.9,117.4,108.3,9.1,0.076,14.2,0.105,0.168,0.137,12.7,0.65,0.674,0.136,95.52,0.102
2024-25,1629651,Nic Claxton,BKN,70,26.9,103.6,116.2,-12.6,0.14,17.9,0.08,0.198,0.137,9.9,0.568,0.569,0.166,97.38,0.115
2024-25,1630208,Nick Richards,PHX,57,22.0,112.3,120.9,-8.7,0.058,8.9,0.118,0.243,0.181,14.8,0.591,0.634,0.169,98.62,0.107
2024-25,1641733,Nick Smith Jr.,CHA,60,22.8,102.1,116.4,-14.3,0.169,17.8,0.009,0.08,0.043,10.1,0.482,0.502,0.205,99.74,0.064
2024-25,1629638,Nickeil Alexander-Walker,MIN,82,25.3,115.1,108.5,6.6,0.149,22.7,0.026,0.098,0.062,10.1,0.553,0.579,0.155,99.57,0.081
2024-25,201587,Nicolas Batum,LAC,78,17.5,110.5,104.7,5.9,0.082,23.0,0.034,0.117,0.077,9.3,0.622,0.633,0.087,100.22,0.069
2024-25,203999,Nikola Jokić,DEN,70,36.7,125.6,115.1,10.5,0.398,28.7,0.083,0.252,0.173,9.2,0.627,0.663,0.285,101.99,0.206
2024-25,1631107,Nikola Jović,MIA,46,25.1,109.6,110.7,-1.1,0.174,21.7,0.022,0.127,0.076,9.9,0.56,0.595,0.178,98.48,0.098
2024-25,202696,Nikola Vučević,CHI,73,31.2,113.6,116.0,-2.4,0.165,17.3,0.076,0.228,0.154,8.1,0.592,0.611,0.221,104.11,0.136
2024-25,1641730,Noah Clowney,BKN,46,22.7,103.0,115.2,-12.3,0.063,8.1,0.037,0.138,0.084,9.3,0.474,0.516,0.185,97.91,0.061
2024-25,1626181,Norman Powell,LAC,60,32.6,116.2,107.4,8.8,0.096,9.7,0.011,0.085,0.049,8.4,0.578,0.615,0.255,99.69,0.11
2024-25,1628384,OG Anunoby,NYK,74,36.6,117.7,112.3,5.4,0.084,11.8,0.037,0.098,0.067,7.3,0.559,0.591,0.195,97.73,0.093
2024-25,1630167,Obi Toppin,IND,79,19.6,113.6,116.1,-2.6,0.116,15.2,0.036,0.167,0.101,8.1,0.621,0.642,0.191,103.97,0.115
2024-25,1630534,Ochai Agbaji,TOR,64,27.2,106.4,112.2,-5.7,0.081,13.9,0.033,0.098,0.066,7.6,0.593,0.601,0.144,101.93,0.081
2024-25,1641765,Olivier-Maxence Prosper,DAL,52,11.2,101.8,109.5,-7.7,0.101,15.2,0.071,0.137,0.103,5.3,0.437,0.484,0.158,103.43,0.082
2024-25,1630168,Onyeka Okongwu,ATL,74,27.9,114.9,113.7,1.1,0.113,16.2,0.103,0.213,0.157,8.7,0.602,0.634,0.169,104.52,0.122
2024-25,1631115,Orlando Robinson,TOR,44,17.5,104.5,109.2,-4.8,0.152,18.3,0.097,0.161,0.127,11.6,0.477,0.519,0.177,102.45,0.088
2024-25,1631131,Oscar Tshiebwe,UTA,14,18.2,113.4,115.8,-2.5,0.051,8.9,0.16,0.286,0.221,9.9,0.6,0.64,0.144,101.2,0.14
2024-25,1629052,Oshae Brissett,PHI,6,23.7,113.6,124.3,-10.7,0.04,7.1,0.047,0.115,0.079,14.3,0.564,0.576,0.154,101.4,0.05
2024-25,1642345,Oso Ighodaro,PHX,61,17.1,109.4,110.0,-0.6,0.095,22.3,0.063,0.143,0.104,12.2,0.604,0.61,0.103,99.05,0.073
2024-25,1631172,Ousmane Dieng,OKC,37,10.9,104.3,99.2,5.1,0.107,17.1,0.04,0.142,0.091,9.9,0.524,0.538,0.152,102.86,0.088
2024-25,200782,P.J. Tucker,NYK,3,19.3,106.1,127.4,-21.3,0.0,0.0,0.062,0.103,0.077,12.5,0.643,0.643,0.059,94.56,0.015
2024-25,1629023,P.J. Washington,DAL,57,32.2,114.2,113.2,1.1,0.098,13.1,0.044,0.183,0.115,11.8,0.521,0.556,0.198,101.66,0.097
2024-25,1628408,PJ Dozier,MIN,9,3.9,98.8,107.8,-9.0,0.167,41.7,0.04,0.125,0.088,8.3,1.0,0.621,0.082,107.91,0.054
2024-25,1641790,PJ Hall,DEN,19,3.5,91.9,91.3,0.5,0.118,12.5,0.079,0.219,0.148,6.3,0.625,0.641,0.176,99.0,0.168
2024-25,1642359,Pacôme Dadiet,NYK,18,6.2,103.8,113.0,-9.2,0.063,11.9,0.028,0.128,0.08,9.5,0.419,0.446,0.142,100.38,0.047
2024-25,1631094,Paolo Banchero,ORL,46,34.4,109.1,109.6,-0.6,0.262,15.3,0.031,0.192,0.108,9.5,0.5,0.551,0.33,97.29,0.157
2024-25,1627783,Pascal Siakam,IND,78,32.7,114.5,108.9,5.5,0.155,15.6,0.053,0.154,0.104,6.5,0.572,0.599,0.237,101.43,0.13
2024-25,1626192,Pat Connaughton,MIL,41,14.7,111.7,114.6,-2.9,0.159,24.7,0.032,0.14,0.088,8.5,0.542,0.567,0.151,99.41,0.088
2024-25,1630311,Pat Spencer,GSW,39,6.4,105.0,107.8,-2.8,0.274,27.6,0.055,0.131,0.09,10.3,0.431,0.455,0.204,103.26,0.093
2024-25,1631116,Patrick Baldwin Jr.,LAC,24,4.4,114.6,102.1,12.4,0.042,6.7,0.038,0.189,0.105,11.1,0.729,0.721,0.151,104.77,0.122
2024-25,1630172,Patrick Williams,CHI,63,25.0,108.7,113.5,-4.8,0.106,16.3,0.025,0.113,0.07,11.3,0.49,0.512,0.165,105.94,0.062
2024-25,201988,Patty Mills,LAC,29,11.1,104.6,108.0,-3.4,0.123,18.1,0.012,0.051,0.032,11.8,0.51,0.543,0.15,103.29,0.055
2024-25,202331,Paul George,PHI,41,32.5,108.3,112.2,-3.8,0.217,19.9,0.018,0.153,0.083,11.8,0.514,0.543,0.233,98.87,0.106
2024-25,1630194,Paul Reed,DET,45,9.7,111.3,105.7,5.6,0.141,19.0,0.09,0.197,0.142,11.3,0.535,0.573,0.179,101.81,0.115
2024-25,1630202,Payton Pritchard,BOS,80,28.4,118.4,108.9,9.5,0.184,22.1,0.042,0.087,0.065,6.6,0.62,0.633,0.186,96.45,0.116
2024-25,1641796,Pelle Larsson,MIA,55,14.2,111.1,108.7,2.4,0.116,20.4,0.036,0.081,0.058,7.5,0.517,0.546,0.141,98.71,0.055
2024-25,1631250,Pete Nance,MIL,13,10.6,107.8,114.8,-7.0,0.106,21.3,0.036,0.115,0.076,8.5,0.578,0.578,0.116,97.1,0.054
2024-25,1631212,Peyton Watson,DEN,68,24.3,113.9,113.9,0.0,0.073,14.7,0.03,0.103,0.069,8.8,0.533,0.564,0.138,101.83,0.066
2024-25,1630762,Phillip Wheeler,PHI,5,8.9,110.0,96.6,13.4,0.065,8.0,0.036,0.125,0.077,4.0,0.143,0.183,0.221,96.76,-0.005
2024-25,1630173,Precious Achiuwa,NYK,57,20.5,110.2,111.4,-1.2,0.065,12.1,0.084,0.188,0.135,9.9,0.517,0.53,0.143,100.16,0.092
2024-25,1629656,Quentin Grimes,PHI,75,26.8,111.9,118.1,-6.2,0.172,17.9,0.028,0.126,0.077,11.0,0.565,0.595,0.218,100.7,0.105
2024-25,1631245,Quenton Jackson,IND,28,13.6,110.9,110.1,0.8,0.193,25.4,0.035,0.079,0.057,7.7,0.537,0.58,0.167,104.12,0.089
2024-25,1642439,Quincy Olivari,LAL,2,5.2,68.2,150.0,-81.8,0.2,14.3,0.0,0.0,0.0,14.3,0.3,0.3,0.231,102.52,-0.022
2024-25,1642366,Quinten Post,GSW,42,16.3,111.5,109.1,2.4,0.131,14.9,0.049,0.166,0.106,8.8,0.582,0.595,0.197,100.02,0.095
2024-25,1629628,RJ Barrett,TOR,58,32.2,110.1,113.4,-3.4,0.257,19.6,0.031,0.159,0.094,10.4,0.523,0.547,0.281,102.74,0.121
2024-25,1642484,RayJ Dennis,IND,11,6.4,113.5,86.3,27.3,0.255,26.4,0.025,0.116,0.073,9.4,0.424,0.443,0.212,105.02,0.11
2024-25,1641712,Rayan Rupert,POR,52,8.8,100.6,109.8,-9.2,0.083,11.9,0.049,0.097,0.071,14.3,0.465,0.499,0.156,104.66,0.055
2024-25,1641736,Reece Beekman,BKN,36,13.0,98.5,110.4,-12.0,0.205,31.3,0.024,0.061,0.041,10.4,0.36,0.4,0.122,99.16,0.051
2024-25,1642263,Reed Sheppard,HOU,52,12.6,108.5,111.1,-2.7,0.153,20.9,0.022,0.086,0.054,10.3,0.452,0.465,0.171,104.93,0.06
2024-25,202704,Reggie Jackson,PHI,31,12.4,108.3,111.8,-3.5,0.172,22.6,0.02,0.093,0.055,8.5,0.485,0.496,0.17,98.88,0.067
2024-25,1626158,Richaun Holmes,WAS,31,17.2,110.2,114.5,-4.3,0.112,18.5,0.113,0.208,0.161,9.3,0.647,0.695,0.143,100.78,0.135
2024-25,1641741,Ricky Council IV,PHI,73,17.1,109.9,116.0,-6.1,0.115,14.3,0.039,0.13,0.084,7.7,0.442,0.502,0.196,99.93,0.08
2024-25,1642434,Riley Minix,SAS,1,6.8,93.3,93.3,0.0,0.0,0.0,0.0,0.2,0.118,0.0,0.0,0.0,0.063,106.67,0.039
2024-25,1642265,Rob Dillingham,MIN,49,10.5,112.3,111.1,1.2,0.283,26.6,0.022,0.07,0.046,14.4,0.5,0.503,0.215,101.82,0.078
2024-25,1629057,Robert Williams III,POR,20,17.6,106.3,108.3,-2.0,0.09,17.1,0.097,0.217,0.159,13.8,0.647,0.679,0.12,100.69,0.137
2024-25,1631199,Ron Harper Jr.,DET,1,17.0,120.6,116.7,3.9,0.143,18.2,0.182,0.2,0.189,0.0,0.125,0.225,0.205,98.82,0.071
2024-25,1641842,Ronald Holland II,DET,81,15.6,109.8,110.9,-1.0,0.095,13.2,0.03,0.136,0.083,11.6,0.517,0.556,0.177,101.0,0.078
2024-25,1626220,Royce O'Neale,PHX,75,24.5,112.1,116.4,-4.2,0.128,20.1,0.029,0.157,0.094,8.0,0.58,0.585,0.151,100.27,0.085
2024-25,203497,Rudy Gobert,MIN,72,33.2,114.3,107.6,6.7,0.075,14.9,0.111,0.21,0.161,10.5,0.669,0.687,0.129,97.63,0.126
2024-25,1629060,Rui Hachimura,LAL,59,31.7,114.8,110.9,3.9,0.063,10.9,0.044,0.111,0.079,6.5,0.597,0.619,0.156,99.44,0.086
2024-25,201566,Russell Westbrook,DEN,75,27.9,115.7,116.2,-0.6,0.289,27.9,0.05,0.119,0.086,14.8,0.505,0.532,0.23,103.3,0.093
2024-25,1642346,Ryan Dunn,PHX,74,19.1,110.4,115.1,-4.7,0.059,9.6,0.063,0.117,0.09,6.8,0.516,0.517,0.161,98.59,0.059
2024-25,1631157,Ryan Rollins,MIL,56,14.6,114.0,108.6,5.4,0.173,23.3,0.027,0.098,0.065,11.9,0.577,0.6,0.179,101.74,0.088
2024-25,1630573,Sam Hauser,BOS,71,21.7,119.8,109.8,10.0,0.057,11.3,0.027,0.113,0.07,4.1,0.627,0.632,0.14,96.4,0.083
2024-25,1630241,Sam Merrill,CLE,71,19.7,117.4,107.1,10.3,0.099,18.7,0.026,0.077,0.052,6.0,0.567,0.583,0.14,101.26,0.069
2024-25,1630572,Sandro Mamukelashvili,SAS,61,11.2,111.6,112.9,-1.4,0.108,12.6,0.086,0.176,0.131,6.8,0.609,0.628,0.202,102.07,0.124
2024-25,1630583,Santi Aldama,MEM,65,25.5,116.1,112.6,3.5,0.149,19.9,0.052,0.181,0.116,7.5,0.576,0.588,0.179,105.41,0.121
2024-25,1630703,Scoot Henderson,POR,66,26.7,112.5,113.7,-1.3,0.274,25.9,0.028,0.083,0.054,13.7,0.496,0.54,0.22,100.99,0.084
2024-25,1630567,Scottie Barnes,TOR,65,32.8,107.4,110.1,-2.7,0.279,21.5,0.047,0.176,0.111,10.5,0.482,0.523,0.262,102.48,0.139
2024-25,1630590,Scotty Pippen Jr.,MEM,79,21.3,111.0,109.7,1.3,0.283,30.3,0.035,0.105,0.07,12.0,0.553,0.582,0.188,105.6,0.106
2024-25,203552,Seth Curry,CHA,68,15.6,106.2,114.1,-8.0,0.087,13.4,0.02,0.081,0.049,7.1,0.599,0.616,0.151,99.1,0.083
2024-25,1631101,Shaedon Sharpe,POR,72,31.3,111.4,114.4,-3.0,0.138,12.7,0.029,0.114,0.07,9.7,0.519,0.551,0.25,99.88,0.102
2024-25,1628983,Shai Gilgeous-Alexander,OKC,76,34.2,122.4,105.7,16.7,0.299,18.7,0.025,0.112,0.069,7.0,0.569,0.637,0.336,101.91,0.199
2024-25,1629003,Shake Milton,LAL,57,14.7,106.2,113.1,-6.9,0.184,24.2,0.036,0.086,0.061,9.5,0.528,0.563,0.162,98.81,0.081
2024-25,1631321,Sidy Cissoko,POR,22,5.2,91.2,89.0,2.1,0.197,25.4,0.068,0.1,0.085,18.6,0.483,0.471,0.156,103.79,0.057
2024-25,1631323,Simone Fontecchio,DET,75,16.5,110.7,109.5,1.2,0.071,12.3,0.04,0.127,0.083,10.2,0.504,0.544,0.152,103.26,0.068
2024-25,1627746,Skal Labissiere,SAC,4,3.0,114.8,128.0,-13.2,0.125,20.0,0.083,0.222,0.143,0.0,0.625,0.625,0.129,104.35,0.092
2024-25,203915,Spencer Dinwiddie,DAL,79,27.0,110.1,115.1,-5.0,0.228,28.3,0.008,0.086,0.048,8.3,0.496,0.553,0.175,101.4,0.089
2024-25,1642461,Spencer Jones,DEN,20,6.2,89.4,107.4,-18.0,0.06,11.1,0.057,0.067,0.062,11.1,0.338,0.368,0.128,104.76,0.013
2024-25,1630649,Stanley Umude,MIL,22,3.9,85.6,95.8,-10.1,0.071,11.4,0.043,0.131,0.089,8.6,0.25,0.27,0.137,107.72,0.022
2024-25,201939,Stephen Curry,GSW,70,32.2,118.4,112.7,5.7,0.284,21.1,0.017,0.118,0.066,10.0,0.572,0.618,0.286,101.72,0.145
2024-25,1642264,Stephon Castle,SAS,81,26.7,111.8,116.6,-4.7,0.231,20.1,0.039,0.092,0.066,10.7,0.476,0.522,0.253,101.89,0.087
2024-25,203500,Steven Adams,HOU,58,13.7,115.3,105.9,9.4,0.107,20.1,0.181,0.193,0.187,16.4,0.545,0.541,0.127,99.77,0.109
2024-25,1629004,Svi Mykhailiuk,UTA,38,20.0,110.3,117.7,-7.4,0.144,17.1,0.026,0.085,0.055,11.7,0.507,0.526,0.198,101.83,0.067
2024-25,204456,T.J. McConnell,IND,79,17.9,111.1,113.8,-2.7,0.359,31.3,0.032,0.104,0.069,9.7,0.531,0.547,0.226,103.69,0.129
2024-25,201959,Taj Gibson,CHA,37,11.1,96.6,110.4,-13.8,0.081,14.0,0.114,0.151,0.133,16.7,0.5,0.515,0.132,99.38,0.068
2024-25,1629659,Talen Horton-Tucker,CHI,58,12.5,111.4,109.8,1.7,0.162,18.1,0.025,0.097,0.063,8.7,0.527,0.567,0.208,106.82,0.09
2024-25,1631106,Tari Eason,HOU,57,24.9,114.8,109.2,5.6,0.082,11.0,0.081,0.158,0.118,8.6,0.543,0.567,0.185,101.55,0.117
2024-25,1627752,Taurean Prince,MIL,80,27.1,114.0,114.5,-0.4,0.093,20.1,0.016,0.11,0.065,10.6,0.6,0.613,0.123,100.95,0.064
2024-25,1641707,Taylor Hendricks,UTA,3,24.8,95.7,109.2,-13.5,0.04,8.3,0.054,0.115,0.083,8.3,0.306,0.354,0.113,105.0,0.036
2024-25,1631386,Taze Moore,POR,2,9.9,58.7,77.3,-18.6,0.125,7.1,0.121,0.16,0.138,14.3,0.25,0.276,0.224,108.82,0.105
2024-25,1629611,Terance Mann,ATL,67,21.1,112.9,115.2,-2.3,0.118,19.8,0.047,0.094,0.07,7.7,0.569,0.584,0.145,100.43,0.074
2024-25,1629056,Terence Davis,SAC,1,7.9,86.7,106.7,-20.0,0.167,33.3,0.0,0.111,0.059,0.0,0.0,0.0,0.111,91.33,0.0
2024-25,1630545,Terrence Shannon Jr.,MIN,32,10.6,107.8,107.0,0.8,0.139,18.8,0.029,0.1,0.065,8.8,0.531,0.56,0.166,103.77,0.082
2024-25,1626179,Terry Rozier,MIA,64,25.9,107.3,112.3,-4.9,0.152,18.1,0.025,0.113,0.068,8.4,0.462,0.497,0.195,99.13,0.078
2024-25,1630678,Terry Taylor,SAC,3,2.1,135.7,71.4,64.3,0.286,66.7,0.25,0.0,0.083,0.0,0.0,0.0,0.067,106.11,0.043
2024-25,1628418,Thomas Bryant,IND,66,14.6,109.9,113.4,-3.5,0.078,12.4,0.085,0.169,0.128,7.0,0.583,0.614,0.162,102.45,0.11
2024-25,1642275,Tidjane Salaün,CHA,60,20.7,99.4,111.2,-11.9,0.092,14.2,0.05,0.168,0.106,11.2,0.414,0.457,0.15,98.5,0.065
2024-25,203501,Tim Hardaway Jr.,DET,77,28.0,113.8,114.2,-0.5,0.074,13.6,0.008,0.075,0.042,5.3,0.529,0.567,0.151,100.66,0.066
2024-25,202699,Tobias Harris,DET,73,31.6,114.7,110.8,3.9,0.095,14.4,0.028,0.155,0.092,7.6,0.534,0.571,0.173,100.89,0.1
2024-25,1642449,Tolu Smith,DET,1,22.4,117.4,104.4,12.9,0.0,0.0,0.129,0.2,0.157,16.7,0.667,0.678,0.2,97.72,0.149
2024-25,1628396,Tony Bradley,IND,14,8.1,112.6,93.6,19.0,0.08,10.2,0.151,0.192,0.172,8.5,0.656,0.64,0.182,105.38,0.16
2024-25,1628470,Torrey Craig,BOS,26,12.1,104.9,109.8,-5.0,0.078,14.0,0.076,0.138,0.106,6.6,0.556,0.567,0.139,98.16,0.08
2024-25,1641787,Tosan Evbuomwan,BKN,28,23.7,103.4,108.4,-5.0,0.132,15.9,0.044,0.136,0.087,11.2,0.482,0.53,0.183,97.96,0.087
2024-25,1641739,Toumani Camara,POR,78,32.7,111.5,113.3,-1.8,0.096,16.6,0.063,0.11,0.086,10.3,0.552,0.572,0.143,99.38,0.076
2024-25,1629027,Trae Young,ATL,76,36.0,115.2,114.6,0.6,0.452,30.9,0.012,0.072,0.042,12.5,0.491,0.567,0.285,105.51,0.129
2024-25,1631218,Trayce Jackson-Davis,GSW,62,15.6,107.8,111.3,-3.5,0.163,21.1,0.115,0.192,0.152,9.1,0.576,0.587,0.164,101.53,0.12
2024-25,1630200,Tre Jones,CHI,46,19.7,112.0,113.5,-1.5,0.289,38.9,0.032,0.086,0.059,7.1,0.578,0.617,0.136,103.35,0.11
2024-25,1630544,Tre Mann,CHA,13,24.5,107.0,114.4,-7.3,0.219,16.7,0.034,0.079,0.056,10.7,0.509,0.537,0.25,99.0,0.098
2024-25,1630570,Trendon Watford,BKN,44,20.7,105.1,109.4,-4.4,0.211,19.1,0.038,0.132,0.084,13.8,0.51,0.557,0.226,97.8,0.101
2024-25,1642280,Trentyn Flowers,LAC,6,4.4,88.5,101.7,-13.2,0.0,0.0,0.042,0.097,0.073,7.7,0.364,0.446,0.194,108.62,0.029
2024-25,1630243,Trevelin Queen,ORL,31,13.9,101.9,111.1,-9.2,0.141,17.5,0.056,0.071,0.063,10.1,0.456,0.486,0.176,98.95,0.071
2024-25,1641725,Trey Alexander,DEN,24,4.9,94.2,105.1,-10.9,0.136,18.6,0.008,0.087,0.047,8.5,0.354,0.374,0.165,105.44,0.029
2024-25,1641998,Trey Jemison III,LAL,38,10.3,105.6,107.8,-2.2,0.058,12.3,0.114,0.141,0.128,18.5,0.554,0.537,0.121,99.06,0.044
2024-25,1626168,Trey Lyles,SAC,69,19.6,111.8,113.8,-2.0,0.084,15.4,0.056,0.177,0.114,7.3,0.528,0.551,0.139,100.04,0.087
2024-25,1630530,Trey Murphy III,NOP,53,35.0,109.0,118.7,-9.7,0.157,15.4,0.024,0.117,0.069,8.4,0.548,0.598,0.229,102.03,0.11
2024-25,202684,Tristan Thompson,CLE,40,8.2,97.2,109.8,-12.5,0.109,19.5,0.084,0.271,0.177,11.4,0.437,0.41,0.123,100.56,0.083
2024-25,1641774,Tristan Vukcevic,WAS,35,14.6,102.6,114.3,-11.7,0.136,11.1,0.046,0.186,0.116,12.0,0.574,0.608,0.252,102.79,0.127
2024-25,1641783,Tristan da Silva,ORL,74,22.0,106.1,110.3,-4.2,0.105,16.6,0.042,0.114,0.076,8.2,0.495,0.522,0.149,96.97,0.074
2024-25,1641803,Tristen Newton,MIN,8,2.0,83.3,97.6,-14.2,0.182,16.7,0.071,0.111,0.087,16.7,0.125,0.178,0.185,123.38,-0.068
2024-25,1629660,Ty Jerome,CLE,70,19.9,120.3,110.4,9.9,0.241,23.5,0.036,0.083,0.06,9.1,0.606,0.643,0.229,101.92,0.134
2024-25,1631102,TyTy Washington Jr.,PHX,16,7.4,109.2,105.7,3.5,0.188,23.9,0.031,0.07,0.05,4.5,0.356,0.367,0.187,98.56,0.049
2024-25,1629639,Tyler Herro,MIA,77,35.4,113.9,112.6,1.3,0.254,20.0,0.013,0.132,0.073,9.3,0.563,0.605,0.271,97.78,0.139
2024-25,1642278,Tyler Kolek,NYK,41,7.2,104.1,104.4,-0.3,0.321,39.3,0.027,0.059,0.043,10.1,0.415,0.453,0.152,102.35,0.072
2024-25,1641890,Tyler Smith,MIL,23,5.3,103.4,96.3,7.1,0.056,6.2,0.05,0.143,0.098,12.3,0.61,0.626,0.205,105.22,0.123
2024-25,1630169,Tyrese Haliburton,IND,73,33.6,117.7,114.2,3.5,0.384,35.8,0.017,0.087,0.052,6.4,0.582,0.616,0.21,100.82,0.143
2024-25,1631213,Tyrese Martin,BKN,60,21.9,103.2,113.4,-10.2,0.15,17.7,0.04,0.133,0.083,10.8,0.513,0.533,0.179,98.64,0.084
2024-25,1630178,Tyrese Maxey,PHI,52,37.7,113.8,117.4,-3.5,0.276,19.2,0.007,0.087,0.045,7.5,0.511,0.562,0.293,98.34,0.127
2024-25,1630623,Tyson Etienne,BKN,7,21.6,98.8,119.3,-20.5,0.126,15.6,0.018,0.046,0.03,10.4,0.452,0.488,0.177,105.16,0.024
2024-25,1626145,Tyus Jones,PHX,81,26.8,113.6,116.1,-2.5,0.276,34.9,0.019,0.069,0.045,7.4,0.57,0.585,0.16,99.19,0.099
2024-25,1642279,Ulrich Chomche,TOR,7,4.6,96.9,140.3,-43.4,0.111,20.0,0.129,0.182,0.151,20.0,0.4,0.425,0.108,94.73,0.02
2024-25,203995,Vasilije Micic,PHX,41,19.1,102.2,109.4,-7.2,0.258,25.9,0.023,0.085,0.053,15.6,0.43,0.462,0.199,97.45,0.061
2024-25,1641705,Victor Wembanyama,SAS,46,33.2,112.5,110.0,2.6,0.184,13.4,0.054,0.255,0.159,11.9,0.559,0.594,0.3,100.98,0.168
2024-25,1631246,Vince Williams Jr.,MEM,27,18.5,117.4,116.2,1.2,0.14,20.8,0.042,0.15,0.096,12.5,0.479,0.504,0.166,105.23,0.065
2024-25,1628427,Vlatko Čančar,DEN,13,10.4,93.5,100.3,-6.9,0.095,19.6,0.038,0.17,0.102,23.9,0.462,0.462,0.109,102.84,0.062
2024-25,1630249,Vít Krejčí,ATL,57,20.2,109.7,111.6,-1.9,0.175,28.9,0.019,0.116,0.067,9.8,0.651,0.661,0.131,102.63,0.086
2024-25,1631117,Walker Kessler,UTA,58,30.0,109.2,118.3,-9.1,0.083,14.6,0.145,0.235,0.19,13.0,0.671,0.66,0.133,100.8,0.127
2024-25,1628976,Wendell Carter Jr.,ORL,68,25.9,107.8,107.8,0.0,0.117,17.2,0.083,0.202,0.14,9.9,0.498,0.544,0.159,97.19,0.099
2024-25,1631111,Wendell Moore Jr.,CHA,36,13.9,99.6,112.0,-12.4,0.13,20.6,0.053,0.132,0.09,13.2,0.524,0.553,0.133,100.73,0.083
2024-25,1630214,Xavier Tillman,BOS,33,7.0,106.6,108.9,-2.3,0.043,9.3,0.041,0.146,0.091,18.7,0.292,0.31,0.125,97.6,0.022
2024-25,1642530,Yuki Kawamura,MEM,22,4.2,114.6,102.5,12.1,0.257,32.8,0.0,0.114,0.063,8.6,0.483,0.53,0.167,106.19,0.086
2024-25,1641879,Yuri Collins,GSW,2,8.2,94.4,111.4,-17.0,0.333,57.1,0.083,0.071,0.079,0.0,0.333,0.333,0.068,104.54,0.048
2024-25,1642274,Yves Missi,NOP,73,26.8,107.8,120.5,-12.7,0.072,12.9,0.122,0.177,0.149,10.7,0.547,0.572,0.141,99.85,0.09
2024-25,1642258,Zaccharie Risacher,ATL,75,24.6,112.3,115.0,-2.7,0.068,9.0,0.044,0.099,0.071,9.0,0.537,0.558,0.203,104.57,0.071
2024-25,1628380,Zach Collins,CHI,64,15.3,109.4,109.9,-0.4,0.162,21.9,0.096,0.177,0.136,11.8,0.56,0.605,0.166,102.77,0.106
2024-25,1641744,Zach Edey,MEM,66,21.5,116.8,111.5,5.3,0.059,10.2,0.153,0.204,0.179,13.9,0.6,0.624,0.156,104.2,0.111
2024-25,203897,Zach LaVine,SAC,74,35.2,115.4,116.8,-1.4,0.178,16.7,0.009,0.107,0.059,11.2,0.609,0.639,0.251,101.28,0.115
2024-25,1630192,Zeke Nnaji,DEN,57,10.7,107.3,108.9,-1.6,0.051,11.6,0.052,0.081,0.067,7.0,0.557,0.574,0.119,102.16,0.063
2024-25,1630533,Ziaire Williams,BKN,63,24.5,106.5,116.2,-9.7,0.086,11.6,0.037,0.154,0.093,9.3,0.511,0.55,0.179,97.77,0.081
2024-25,1629627,Zion Williamson,NOP,30,28.6,113.7,115.5,-1.8,0.325,18.5,0.08,0.152,0.116,10.5,0.57,0.6,0.325,103.3,0.167
2024-25,1642389,Zyon Pullin,MEM,3,0.9,83.3,66.7,16.7,0.0,0.0,0.0,0.0,0.0,0.0,0.0,0.0,0.167,110.7,-0.087
