PLAYER_ID,PLAYER_NAME,TEAM_ABBREVIATION,AGE,GP,MIN,PTS,FGM,FGA,FG_PCT,FG3M,FG3A,FG3_PCT,FTM,FTA,FT_PCT,AST,TOV,REB,PLUS_MINUS
1631260,AJ Green,MIL,25.0,73,22.7,7.4,2.5,5.8,0.429,2.1,5.0,0.427,0.3,0.4,0.815,1.5,0.5,2.4,3.1
203932,Aaron Gordon,DEN,29.0,51,28.4,14.7,5.2,9.7,0.531,1.5,3.4,0.436,2.8,3.5,0.81,3.2,1.4,4.8,5.9
1628988,Aaron Holiday,HOU,28.0,62,12.8,5.5,1.9,4.3,0.437,1.2,2.9,0.398,0.5,0.7,0.829,1.3,0.6,1.3,1.4
1630174,Aaron Nesmith,IND,25.0,45,24.9,12.0,4.3,8.4,0.507,1.9,4.3,0.431,1.6,1.8,0.913,1.2,0.8,4.0,4.4
1630598,Aaron Wiggins,OKC,26.0,76,22.9,12.0,4.7,9.6,0.488,1.7,4.5,0.383,1.0,1.2,0.831,1.8,0.9,3.9,6.8
1641737,Adem Bona,PHI,22.0,58,15.6,5.8,2.3,3.3,0.703,0.0,0.0,0.0,1.2,1.7,0.67,0.5,1.1,4.2,-1.9
201143,Al Horford,BOS,39.0,60,27.6,9.0,3.3,7.7,0.423,1.9,5.2,0.363,0.6,0.6,0.895,2.1,0.8,6.2,6.6
202692,Alec Burks,MIA,33.0,49,17.6,7.3,2.3,5.5,0.424,1.8,4.2,0.425,0.8,1.0,0.776,1.1,0.6,2.5,2.2
1627936,Alex Caruso,OKC,31.0,54,19.3,7.1,2.6,5.8,0.446,1.1,3.1,0.353,0.8,0.9,0.824,2.5,0.7,2.9,5.9
203458,Alex Len,LAL,32.0,46,8.3,1.6,0.7,1.4,0.508,0.0,0.2,0.222,0.2,0.4,0.471,0.8,0.4,2.1,-3.3
1642259,Alex Sarr,WAS,20.0,67,27.1,13.0,4.9,12.4,0.394,1.6,5.1,0.308,1.7,2.5,0.679,2.4,1.7,6.5,-8.1
1630578,Alperen Sengun,HOU,22.0,76,31.5,19.1,7.5,15.0,0.496,0.3,1.2,0.233,3.9,5.6,0.692,4.9,2.6,10.3,5.4
1641708,Amen Thompson,HOU,22.0,69,32.3,14.1,5.6,10.1,0.557,0.4,1.3,0.275,2.4,3.6,0.684,3.8,2.0,8.2,3.9
1629599,Amir Coffey,LAC,28.0,72,24.3,9.7,3.3,7.1,0.471,1.4,3.4,0.409,1.6,1.8,0.891,1.1,0.6,2.2,-0.9
203083,Andre Drummond,PHI,31.0,40,18.8,7.3,2.9,5.9,0.5,0.1,0.5,0.15,1.4,2.3,0.622,0.9,1.4,7.8,-6.1
1641748,Andre Jackson Jr.,MIL,23.0,67,14.6,3.4,1.4,2.9,0.477,0.4,1.1,0.395,0.2,0.4,0.5,1.2,0.9,2.7,-0.5
1629614,Andrew Nembhard,IND,25.0,65,28.9,10.0,3.8,8.3,0.458,0.8,2.7,0.291,1.7,2.1,0.794,5.0,1.7,3.3,3.1
203952,Andrew Wiggins,MIA,30.0,60,30.7,18.0,6.3,14.0,0.448,2.2,5.8,0.374,3.3,4.3,0.763,2.6,1.7,4.5,-1.7
1629014,Anfernee Simons,POR,26.0,70,32.7,19.3,6.8,16.1,0.426,3.1,8.5,0.363,2.5,2.8,0.902,4.8,2.0,2.7,-3.1
1641710,Anthony Black,ORL,21.0,78,24.2,9.4,3.4,7.9,0.423,0.8,2.5,0.318,1.9,2.5,0.761,3.1,1.8,2.9,-0.5
203076,Anthony Davis,DAL,32.0,51,33.4,24.7,9.2,17.8,0.516,0.7,2.4,0.282,5.6,7.2,0.775,3.5,2.2,11.6,0.5
1630162,Anthony Edwards,MIN,23.0,79,36.3,27.6,9.1,20.4,0.447,4.1,10.3,0.395,5.3,6.3,0.837,4.5,3.2,5.7,3.7
1630264,Anthony Gill,WAS,32.0,51,7.8,2.5,0.8,1.7,0.489,0.2,0.6,0.323,0.6,1.0,0.66,0.3,0.2,1.3,-1.4
1641810,Antonio Reeves,NOP,24.0,44,15.0,6.9,2.6,5.6,0.456,1.2,2.9,0.395,0.6,0.8,0.8,0.9,0.7,1.4,-3.4
1641709,Ausar Thompson,DET,22.0,59,22.5,10.1,4.2,7.8,0.535,0.2,0.8,0.224,1.5,2.4,0.641,2.3,1.4,5.1,1.1
1630559,Austin Reaves,LAL,27.0,73,34.9,20.2,6.5,14.2,0.46,2.7,7.3,0.377,4.4,5.0,0.877,5.8,2.4,4.5,2.7
1630245,Ayo Dosunmu,CHI,25.0,46,30.3,12.3,4.8,9.8,0.492,1.3,4.1,0.328,1.3,1.7,0.785,4.5,1.5,3.5,-5.1
1628389,Bam Adebayo,MIA,27.0,78,34.3,18.1,6.9,14.3,0.485,1.0,2.8,0.357,3.2,4.2,0.765,4.3,2.1,9.6,0.3
1641767,Ben Sheppard,IND,23.0,63,19.5,5.3,1.9,4.6,0.418,1.1,3.2,0.342,0.4,0.4,0.889,1.3,0.3,2.8,-0.9
1627732,Ben Simmons,LAC,28.0,51,22.0,5.0,2.3,4.4,0.52,0.0,0.0,0.0,0.5,0.6,0.727,5.6,2.0,4.7,-1.1
1631097,Bennedict Mathurin,IND,23.0,72,29.9,16.1,5.4,11.8,0.458,1.4,4.0,0.34,3.8,4.6,0.831,1.9,1.9,5.3,1.3
1641731,Bilal Coulibaly,WAS,20.0,59,33.0,12.3,4.5,10.6,0.421,1.1,3.8,0.281,2.3,3.1,0.746,3.4,2.1,5.0,-9.9
1631104,Blake Wesley,SAS,22.0,58,11.8,3.7,1.4,3.2,0.435,0.3,1.0,0.293,0.7,1.1,0.623,2.0,0.9,1.1,-0.2
1626171,Bobby Portis,MIL,30.0,49,25.4,13.9,5.7,12.1,0.466,1.3,3.6,0.365,1.2,1.5,0.836,2.1,1.2,8.4,1.9
203992,Bogdan Bogdanović,LAC,32.0,54,25.0,10.8,3.9,9.1,0.427,1.9,5.4,0.363,1.1,1.2,0.879,2.7,1.4,2.9,2.0
203078,Bradley Beal,PHX,32.0,53,32.1,17.0,6.5,13.1,0.497,1.9,5.0,0.386,2.1,2.6,0.803,3.7,1.9,3.3,-5.2
1641764,Brandin Podziemski,GSW,22.0,64,26.8,11.7,4.4,9.8,0.445,1.8,4.8,0.372,1.1,1.5,0.758,3.4,1.2,5.1,4.1
1630527,Brandon Boston,NOP,23.0,42,23.6,10.7,4.0,9.1,0.436,1.2,3.3,0.35,1.6,2.0,0.788,2.2,1.2,3.2,-3.3
1629634,Brandon Clarke,MEM,28.0,64,18.9,8.3,3.7,5.9,0.621,0.0,0.3,0.059,1.0,1.4,0.701,1.0,0.6,5.1,2.8
1641729,Brice Sensabaugh,UTA,21.0,71,20.2,10.9,3.9,8.4,0.459,2.2,5.2,0.422,0.9,1.0,0.89,1.5,1.5,3.0,-4.0
201572,Brook Lopez,MIL,37.0,80,31.8,13.0,4.9,9.7,0.509,1.7,4.7,0.373,1.4,1.7,0.826,1.8,1.1,5.0,1.7
1628971,Bruce Brown,NOP,28.0,41,22.5,8.3,3.2,7.5,0.421,0.7,2.0,0.333,1.3,1.6,0.815,2.0,1.0,4.0,-5.5
1642267,Bub Carrington,WAS,19.0,82,30.0,9.8,3.7,9.1,0.401,1.7,5.0,0.339,0.8,1.0,0.812,4.4,1.7,4.2,-9.7
1627741,Buddy Hield,GSW,32.0,82,22.7,11.1,4.0,9.6,0.417,2.5,6.7,0.37,0.6,0.8,0.828,1.6,1.1,3.2,1.7
203468,CJ McCollum,NOP,33.0,56,32.7,21.1,7.9,17.9,0.444,3.1,8.2,0.373,2.2,3.1,0.717,4.1,1.9,3.8,-5.0
1630595,Cade Cunningham,DET,23.0,70,35.0,26.1,9.8,20.8,0.469,2.1,6.0,0.356,4.5,5.3,0.846,9.1,4.4,6.1,2.5
1631216,Caleb Houstan,ORL,22.0,58,13.6,4.1,1.4,3.3,0.421,1.1,2.8,0.4,0.3,0.3,0.882,0.6,0.2,1.3,-1.1
1628997,Caleb Martin,DAL,29.0,45,27.1,7.9,2.9,6.8,0.424,0.8,2.3,0.359,1.4,2.2,0.622,2.1,1.2,3.9,-3.4
1641715,Cam Whitmore,HOU,20.0,51,16.2,9.4,3.5,7.9,0.444,1.3,3.6,0.355,1.1,1.4,0.75,1.0,0.9,3.0,0.0
1629661,Cameron Johnson,BKN,29.0,57,31.6,18.8,6.2,13.1,0.475,2.8,7.2,0.39,3.5,3.9,0.893,3.4,1.7,4.3,-3.5
1626166,Cameron Payne,NYK,30.0,72,15.1,6.9,2.5,6.2,0.401,1.3,3.6,0.363,0.7,0.8,0.907,2.8,0.7,1.4,2.8
1627747,Caris LeVert,ATL,30.0,64,24.9,12.1,4.4,9.4,0.467,1.7,4.4,0.373,1.7,2.4,0.71,3.4,1.2,3.2,4.0
1641717,Cason Wallace,OKC,21.0,68,27.6,8.4,3.4,7.2,0.474,1.1,3.1,0.356,0.4,0.5,0.811,2.5,0.9,3.4,5.4
1628449,Chris Boucher,TOR,32.0,50,17.2,10.0,3.6,7.4,0.492,1.4,3.9,0.363,1.4,1.7,0.782,0.7,0.6,4.5,0.1
101108,Chris Paul,SAS,40.0,82,28.0,8.8,3.0,7.1,0.427,1.7,4.5,0.377,1.0,1.1,0.924,7.4,1.6,3.6,0.0
1631128,Christian Braun,DEN,24.0,79,33.9,15.4,6.0,10.4,0.58,1.1,2.8,0.397,2.2,2.7,0.827,2.6,1.0,5.2,6.1
203991,Clint Capela,ATL,31.0,55,21.4,8.9,4.0,7.1,0.559,0.0,0.0,0.0,0.9,1.8,0.536,1.1,0.9,8.5,-1.4
1629632,Coby White,CHI,25.0,74,33.1,20.4,6.9,15.1,0.453,2.9,7.9,0.37,3.7,4.1,0.902,4.5,2.4,3.7,-1.9
1628998,Cody Martin,PHX,29.0,53,22.1,6.8,2.6,6.1,0.418,0.8,2.8,0.285,0.8,1.2,0.705,2.0,1.0,4.2,-2.0
1642262,Cody Williams,UTA,20.0,50,21.2,4.6,1.7,5.1,0.323,0.7,2.7,0.259,0.6,0.8,0.725,1.2,0.9,2.3,-6.8
1630175,Cole Anthony,MEM,25.0,67,18.4,9.4,3.4,8.1,0.424,1.1,3.3,0.353,1.4,1.7,0.823,2.9,1.5,3.0,-0.2
1629012,Collin Sexton,UTA,26.0,63,27.9,18.4,6.6,13.8,0.48,1.7,4.3,0.406,3.4,4.0,0.865,4.2,2.5,2.7,-4.5
1630557,Corey Kispert,WAS,26.0,61,26.3,11.6,4.2,9.3,0.451,2.0,5.4,0.364,1.2,1.4,0.852,1.7,1.0,3.0,-4.5
202709,Cory Joseph,ORL,33.0,50,12.2,3.5,1.2,3.1,0.403,0.8,2.1,0.364,0.3,0.4,0.778,1.4,0.4,1.5,0.7
1641854,Craig Porter Jr.,CLE,25.0,51,10.1,3.7,1.4,2.7,0.514,0.4,0.9,0.438,0.5,0.6,0.719,1.4,0.7,1.3,-0.9
1626156,D'Angelo Russell,BKN,29.0,58,25.5,12.6,4.3,11.0,0.39,1.9,6.2,0.314,2.1,2.5,0.834,5.1,1.9,2.8,0.0
1629610,DaQuan Jeffries,CHA,27.0,47,22.8,6.7,2.5,6.2,0.405,1.2,3.5,0.335,0.5,0.6,0.8,1.1,0.7,2.9,-5.9
1630625,Dalano Banton,POR,25.0,67,16.7,8.3,3.0,7.6,0.391,1.1,3.3,0.324,1.4,1.9,0.728,2.4,1.3,2.0,-0.8
1631207,Dalen Terry,CHI,22.0,73,13.5,4.5,1.6,3.7,0.448,0.5,1.4,0.356,0.7,0.9,0.71,1.3,0.7,1.7,-2.4
1642261,Dalton Knecht,LAL,24.0,78,19.2,9.1,3.3,7.1,0.461,1.6,4.4,0.376,0.8,1.1,0.762,0.8,0.5,2.8,-0.9
203081,Damian Lillard,MIL,34.0,58,36.1,24.9,7.7,17.1,0.448,3.4,9.0,0.376,6.2,6.8,0.921,7.1,2.8,4.7,0.9
1629655,Daniel Gafford,DAL,26.0,57,21.5,12.3,5.0,7.1,0.702,0.0,0.0,0.0,2.4,3.4,0.689,1.4,1.2,6.8,0.6
1629636,Darius Garland,CLE,25.0,75,30.7,20.6,7.4,15.7,0.472,2.8,7.1,0.401,3.0,3.4,0.878,6.7,2.5,2.9,6.7
1630558,Davion Mitchell,MIA,26.0,74,27.4,7.9,3.0,6.4,0.468,1.1,2.9,0.398,0.8,1.1,0.69,4.9,1.7,2.3,0.0
1630549,Day'Ron Sharpe,BKN,23.0,50,18.1,7.9,3.3,6.3,0.521,0.2,0.9,0.244,1.1,1.5,0.757,1.8,1.3,6.6,1.3
1628368,De'Aaron Fox,SAS,27.0,62,36.1,23.5,8.7,18.8,0.463,1.9,6.1,0.31,4.2,5.1,0.827,6.3,2.8,4.8,-1.1
1629631,De'Andre Hunter,CLE,27.0,64,27.2,17.0,5.6,11.9,0.47,2.5,6.1,0.405,3.4,4.0,0.846,1.4,1.3,4.0,1.4
201599,DeAndre Jordan,DEN,36.0,56,12.3,3.7,1.6,2.5,0.65,0.0,0.0,0.0,0.5,1.1,0.422,0.9,0.7,5.1,-0.8
201942,DeMar DeRozan,SAC,35.0,77,35.9,22.2,8.1,17.0,0.477,1.1,3.3,0.328,4.9,5.7,0.857,4.4,1.4,3.9,1.4
1629731,Dean Wade,CLE,28.0,59,21.2,5.4,1.9,4.6,0.413,1.4,3.8,0.36,0.3,0.5,0.533,1.3,0.4,4.2,4.8
1629028,Deandre Ayton,POR,26.0,40,30.1,14.4,6.6,11.7,0.566,0.2,0.8,0.188,1.0,1.5,0.667,1.6,1.7,10.2,-4.1
1626153,Delon Wright,NYK,33.0,40,15.9,3.1,1.1,3.3,0.344,0.5,1.8,0.274,0.4,0.6,0.6,1.9,0.6,1.7,0.0
1630166,Deni Avdija,POR,24.0,72,30.0,16.9,5.6,11.7,0.476,1.7,4.8,0.365,4.0,5.2,0.78,3.9,2.7,7.3,-1.1
203471,Dennis Schröder,DET,31.0,75,28.1,13.1,4.5,11.0,0.406,1.7,4.9,0.342,2.4,2.9,0.838,5.4,1.9,2.6,-1.0
1627884,Derrick Jones Jr.,LAC,28.0,77,24.3,10.1,4.0,7.6,0.526,1.0,2.8,0.356,1.1,1.5,0.703,0.8,0.9,3.4,3.2
1628401,Derrick White,BOS,30.0,76,33.9,16.4,5.6,12.6,0.442,3.5,9.1,0.384,1.8,2.1,0.839,4.8,1.7,4.5,7.1
1630217,Desmond Bane,ORL,27.0,69,32.0,19.2,7.1,14.8,0.484,2.4,6.1,0.392,2.6,2.9,0.894,5.3,2.4,6.1,2.1
1626164,Devin Booker,PHX,28.0,75,37.3,25.6,8.7,18.9,0.461,2.4,7.3,0.332,5.8,6.4,0.894,7.1,2.9,4.1,-2.4
1630170,Devin Vassell,SAS,24.0,64,31.0,16.3,6.2,13.9,0.443,2.5,6.7,0.368,1.5,1.9,0.792,2.9,1.4,4.0,-4.1
1628415,Dillon Brooks,HOU,29.0,75,31.8,14.0,5.1,11.9,0.429,2.5,6.3,0.397,1.3,1.6,0.818,1.7,1.0,3.7,2.8
1641794,Dillon Jones,OKC,23.0,54,10.2,2.5,0.9,2.5,0.383,0.3,1.2,0.254,0.3,0.5,0.607,1.1,0.5,2.2,1.4
1627734,Domantas Sabonis,SAC,29.0,70,34.7,19.1,7.5,12.8,0.59,0.9,2.2,0.417,3.1,4.1,0.754,6.0,2.9,13.9,2.1
1642270,Donovan Clingan,POR,21.0,67,19.8,6.5,2.7,5.0,0.539,0.2,0.7,0.286,0.9,1.6,0.596,1.1,1.1,7.9,0.0
1628378,Donovan Mitchell,CLE,28.0,71,31.4,24.0,8.2,18.6,0.443,3.3,8.9,0.368,4.2,5.1,0.823,5.0,2.1,4.5,7.4
1628978,Donte DiVincenzo,MIN,28.0,62,25.9,11.7,4.0,9.6,0.422,2.8,7.1,0.397,0.8,1.0,0.778,3.6,1.6,3.7,2.8
1627827,Dorian Finney-Smith,LAL,32.0,63,28.9,8.7,3.1,6.9,0.448,2.0,5.0,0.411,0.5,0.7,0.667,1.4,0.9,3.9,4.9
203926,Doug McDermott,SAC,33.0,42,8.1,3.5,1.2,2.8,0.427,1.0,2.4,0.436,0.1,0.1,0.6,0.2,0.1,0.5,0.6
203110,Draymond Green,GSW,35.0,68,29.2,9.0,3.2,7.5,0.424,1.2,3.6,0.325,1.5,2.2,0.687,5.6,2.6,6.1,4.0
1629234,Drew Eubanks,LAC,28.0,61,12.2,4.6,1.9,3.2,0.593,0.0,0.1,0.5,0.8,1.2,0.662,0.9,0.7,3.7,-2.1
1629130,Duncan Robinson,MIA,31.0,74,24.1,11.0,3.9,9.0,0.437,2.6,6.5,0.393,0.6,0.7,0.887,2.4,1.2,2.3,0.9
1641871,Duop Reath,POR,29.0,46,10.2,4.2,1.5,3.6,0.422,0.7,2.3,0.321,0.4,0.5,0.909,0.6,0.3,2.0,-1.2
203939,Dwight Powell,DAL,33.0,55,10.0,2.1,0.8,1.1,0.689,0.0,0.1,0.4,0.5,0.8,0.651,1.0,0.3,2.1,-0.3
1630700,Dyson Daniels,ATL,22.0,76,33.8,14.1,6.0,12.1,0.493,1.1,3.1,0.34,1.1,1.8,0.593,4.4,2.0,5.9,-0.9
1630596,Evan Mobley,CLE,24.0,71,30.5,18.5,7.1,12.8,0.557,1.2,3.2,0.37,3.1,4.3,0.725,3.2,2.0,9.3,7.7
1630532,Franz Wagner,ORL,23.0,60,33.7,24.2,9.0,19.4,0.463,1.7,5.9,0.295,4.5,5.2,0.871,4.7,2.3,5.7,4.1
1627832,Fred VanVleet,HOU,31.0,60,35.2,14.1,4.8,12.7,0.378,2.7,7.7,0.345,1.9,2.3,0.81,5.6,1.5,3.7,4.4
1629216,Gabe Vincent,LAL,29.0,72,21.2,6.4,2.3,5.8,0.4,1.5,4.3,0.353,0.2,0.3,0.714,1.4,0.6,1.3,0.7
1629726,Garrison Mathews,ATL,28.0,47,17.6,7.5,2.2,5.5,0.397,1.8,4.6,0.39,1.4,1.7,0.821,1.3,0.7,1.9,-1.3
203914,Gary Harris,ORL,30.0,48,14.8,3.0,1.1,2.8,0.383,0.8,2.1,0.356,0.1,0.3,0.583,0.6,0.4,1.3,1.8
1627780,Gary Payton II,GSW,32.0,62,15.0,6.5,2.8,4.8,0.574,0.5,1.5,0.326,0.4,0.6,0.711,1.3,0.6,3.0,0.7
1629018,Gary Trent Jr.,MIL,26.0,74,25.6,11.1,3.8,8.9,0.431,2.4,5.9,0.416,1.1,1.2,0.848,1.2,0.6,2.3,0.9
1627777,Georges Niang,ATL,32.0,79,21.5,9.9,3.6,7.8,0.461,2.1,5.2,0.406,0.6,0.7,0.793,1.4,1.0,3.4,2.5
203507,Giannis Antetokounmpo,MIL,30.0,67,34.2,30.4,11.8,19.7,0.601,0.2,0.9,0.222,6.5,10.6,0.617,6.5,3.1,11.9,5.0
1629048,Goga Bitadze,ORL,25.0,70,20.4,7.2,3.0,4.8,0.611,0.0,0.4,0.107,1.2,1.9,0.639,2.0,1.0,6.6,1.1
1641711,Gradey Dick,TOR,21.0,54,29.4,14.4,4.9,12.0,0.41,2.1,6.0,0.35,2.5,2.9,0.858,1.8,1.5,3.6,-3.9
1628960,Grayson Allen,PHX,29.0,64,24.1,10.6,3.4,7.6,0.448,2.3,5.5,0.426,1.5,1.8,0.816,2.1,1.2,3.0,-1.2
1627824,Guerschon Yabusele,PHI,29.0,70,27.1,11.0,4.0,8.0,0.501,1.5,3.9,0.38,1.4,2.0,0.725,2.1,1.2,5.6,-1.7
1630611,Gui Santos,GSW,23.0,56,13.6,4.1,1.5,3.2,0.458,0.6,1.8,0.33,0.5,0.8,0.69,1.4,0.8,3.1,2.9
203084,Harrison Barnes,SAS,33.0,82,27.2,12.3,4.2,8.3,0.508,1.9,4.4,0.433,2.0,2.4,0.809,1.7,0.6,3.8,-0.3
1629312,Haywood Highsmith,MIA,28.0,74,24.6,6.5,2.4,5.3,0.458,1.2,3.1,0.382,0.4,0.6,0.721,1.5,0.7,3.4,0.8
1641816,Hunter Tyson,DEN,25.0,51,7.8,2.6,0.9,2.4,0.375,0.5,1.5,0.311,0.4,0.5,0.75,0.4,0.3,1.5,-1.9
1642403,Isaac Jones,SAC,24.0,40,7.6,3.4,1.4,2.1,0.651,0.1,0.2,0.375,0.6,0.9,0.639,0.3,0.4,1.4,-1.6
1630171,Isaac Okoro,CLE,24.0,55,19.1,6.1,2.3,4.9,0.464,1.0,2.7,0.371,0.6,0.8,0.717,1.2,0.4,2.4,4.6
1642268,Isaiah Collier,UTA,20.0,71,25.9,8.7,3.3,7.8,0.422,0.6,2.4,0.249,1.5,2.2,0.682,6.3,2.9,3.3,-5.7
1628392,Isaiah Hartenstein,OKC,27.0,57,27.9,11.2,4.9,8.4,0.581,0.0,0.3,0.0,1.4,2.1,0.675,3.8,1.7,10.7,7.3
1630198,Isaiah Joe,OKC,25.0,74,21.7,10.2,3.5,7.9,0.44,2.6,6.3,0.412,0.6,0.8,0.821,1.6,0.5,2.6,7.4
1630191,Isaiah Stewart,DET,24.0,72,19.9,6.0,2.4,4.4,0.559,0.2,0.7,0.321,0.9,1.2,0.759,1.7,0.9,5.5,0.1
1627826,Ivica Zubac,LAC,28.0,80,32.8,16.8,7.4,11.8,0.628,0.0,0.0,0.0,2.0,3.0,0.661,2.7,1.6,12.6,6.4
1629630,Ja Morant,MEM,25.0,50,30.4,23.2,8.1,17.8,0.454,1.8,5.7,0.309,5.3,6.4,0.824,7.3,3.7,4.1,4.5
1642266,Ja'Kobe Walter,TOR,20.0,52,21.2,8.6,3.1,7.6,0.405,1.3,3.6,0.349,1.3,1.6,0.795,1.6,1.0,3.1,-1.6
1631095,Jabari Smith Jr.,HOU,22.0,57,30.1,12.2,4.4,9.9,0.438,1.7,4.9,0.354,1.8,2.2,0.825,1.1,1.1,7.0,4.4
1631133,Jabari Walker,POR,22.0,60,12.5,5.2,2.0,3.8,0.515,0.5,1.2,0.389,0.8,1.2,0.69,0.6,0.6,3.5,0.3
1630702,Jaden Hardy,DAL,22.0,57,15.9,8.7,3.2,7.3,0.435,1.3,3.5,0.386,1.1,1.5,0.698,1.4,1.4,1.6,-1.1
1630183,Jaden McDaniels,MIN,24.0,82,31.9,12.2,4.9,10.2,0.477,1.2,3.7,0.33,1.3,1.6,0.813,2.0,1.2,5.7,2.1
1630531,Jaden Springer,UTA,22.0,43,8.5,2.5,0.8,2.1,0.389,0.3,1.1,0.25,0.6,0.9,0.711,0.8,0.4,1.3,-0.7
1630256,Jae'Sean Tate,HOU,29.0,52,11.3,3.6,1.3,2.8,0.473,0.3,0.9,0.348,0.6,0.9,0.681,0.9,0.4,2.3,1.0
1631170,Jaime Jaquez Jr.,MIA,24.0,66,20.7,8.6,3.2,7.0,0.461,0.6,1.8,0.311,1.6,2.2,0.754,2.5,1.5,4.4,-2.3
1631222,Jake LaRavia,SAC,23.0,66,20.4,6.9,2.4,5.1,0.475,0.9,2.2,0.423,1.2,1.7,0.678,2.4,1.3,3.9,1.9
1627751,Jakob Poeltl,TOR,29.0,57,29.6,14.5,6.4,10.2,0.627,0.0,0.1,0.333,1.7,2.5,0.674,2.8,1.9,9.6,-0.6
1628973,Jalen Brunson,NYK,28.0,65,35.4,26.0,9.0,18.5,0.488,2.3,6.1,0.383,5.7,6.9,0.821,7.3,2.5,2.9,2.2
1631105,Jalen Duren,DET,21.0,78,26.1,11.8,4.8,7.0,0.692,0.0,0.0,0.0,2.1,3.1,0.669,2.7,1.7,10.3,0.5
1630224,Jalen Green,HOU,23.0,82,32.9,21.0,7.4,17.5,0.423,2.9,8.1,0.354,3.3,4.1,0.813,3.4,2.5,4.6,2.0
1629618,Jalen Pickett,DEN,25.0,49,13.6,4.1,1.6,3.7,0.428,0.8,2.1,0.396,0.1,0.2,0.75,2.2,0.5,1.4,1.1
1630188,Jalen Smith,CHI,25.0,64,15.0,8.2,3.0,6.4,0.466,1.1,3.5,0.324,1.1,1.4,0.809,1.0,0.6,5.6,-0.6
1631114,Jalen Williams,OKC,24.0,69,32.4,21.6,8.2,16.9,0.484,1.8,4.9,0.365,3.4,4.3,0.789,5.1,2.2,5.3,6.6
1630592,Jalen Wilson,BKN,24.0,79,25.7,9.5,3.1,7.8,0.397,1.5,4.6,0.337,1.7,2.1,0.818,1.8,1.0,3.4,-3.3
1627750,Jamal Murray,DEN,28.0,67,36.1,21.4,7.9,16.7,0.474,2.3,5.9,0.393,3.3,3.7,0.886,6.0,2.1,3.9,4.9
1642347,Jamal Shead,TOR,22.0,75,19.6,7.1,2.7,6.7,0.405,1.0,3.0,0.323,0.7,0.9,0.768,4.2,1.6,1.5,-3.1
201935,James Harden,LAC,35.0,79,35.3,22.8,6.7,16.4,0.41,3.0,8.5,0.352,6.4,7.3,0.874,8.7,4.3,5.8,4.4
1642419,Jamison Battle,TOR,24.0,59,17.7,7.1,2.5,5.9,0.429,1.8,4.4,0.405,0.3,0.3,0.889,0.9,0.5,2.7,-3.1
1641716,Jarace Walker,IND,21.0,75,15.8,6.1,2.3,4.8,0.472,1.0,2.5,0.405,0.6,0.9,0.667,1.5,1.0,3.1,-1.9
1630215,Jared Butler,PHI,24.0,60,17.4,9.0,3.4,7.6,0.448,1.0,2.8,0.355,1.3,1.5,0.824,3.7,1.3,1.8,-2.2
1628991,Jaren Jackson Jr.,MEM,25.0,74,29.8,22.2,8.0,16.4,0.488,2.0,5.3,0.375,4.2,5.4,0.781,2.0,2.1,5.6,4.5
1628386,Jarrett Allen,CLE,27.0,82,28.0,13.5,5.5,7.8,0.706,0.0,0.1,0.0,2.4,3.4,0.718,1.9,1.2,9.7,6.3
1629750,Javonte Green,CLE,31.0,68,18.5,5.1,1.8,4.2,0.429,0.7,2.1,0.326,0.8,1.1,0.724,0.8,0.5,3.2,-3.1
1629637,Jaxson Hayes,LAL,25.0,56,19.5,6.8,2.9,4.0,0.722,0.0,0.1,0.0,1.1,1.8,0.622,1.0,0.8,4.8,1.6
1630643,Jay Huff,MEM,27.0,64,11.7,6.9,2.5,4.8,0.515,1.3,3.1,0.405,0.7,0.9,0.786,0.6,0.5,2.0,0.4
1627759,Jaylen Brown,BOS,28.0,63,34.3,22.2,8.2,17.7,0.463,1.8,5.7,0.324,3.9,5.1,0.764,4.5,2.6,5.8,6.4
1641740,Jaylen Clark,MIN,23.0,40,13.0,4.1,1.4,3.0,0.467,0.6,1.3,0.431,0.7,0.9,0.784,0.7,0.2,1.3,1.1
1642377,Jaylen Wells,MEM,21.0,79,25.9,10.4,3.6,8.6,0.425,1.7,5.0,0.352,1.4,1.7,0.822,1.7,0.9,3.4,2.4
1631119,Jaylin Williams,OKC,23.0,47,16.7,5.9,2.1,4.7,0.439,1.3,3.3,0.399,0.5,0.6,0.767,2.6,0.7,5.6,6.4
1642281,Jaylon Tyson,CLE,22.0,47,9.6,3.6,1.4,3.2,0.43,0.4,1.2,0.345,0.4,0.5,0.792,0.9,0.6,2.0,0.0
1628369,Jayson Tatum,BOS,27.0,72,36.4,26.8,9.2,20.3,0.452,3.5,10.1,0.343,5.0,6.1,0.814,6.0,2.9,8.7,7.4
1630288,Jeff Dowtin Jr.,PHI,28.0,41,15.1,7.0,2.7,5.6,0.487,0.7,1.7,0.4,0.8,1.1,0.733,1.9,0.4,1.5,-2.5
203924,Jerami Grant,POR,31.0,47,32.4,14.4,4.6,12.2,0.373,2.3,6.3,0.365,3.0,3.5,0.849,2.1,1.4,3.5,-4.3
1630526,Jeremiah Robinson-Earl,NOP,24.0,66,18.8,6.3,2.4,5.3,0.455,0.8,2.5,0.341,0.7,0.8,0.836,1.3,0.8,4.8,-5.0
1631110,Jeremy Sochan,SAS,22.0,54,25.3,11.4,4.6,8.7,0.535,0.5,1.7,0.308,1.6,2.3,0.696,2.4,1.6,6.5,-1.6
1630579,Jericho Sims,MIL,26.0,53,11.9,1.8,0.8,1.3,0.634,0.0,0.0,0.0,0.2,0.2,0.615,0.6,0.6,3.7,0.5
1641724,Jett Howard,ORL,21.0,60,11.7,4.5,1.6,4.4,0.374,0.9,3.1,0.296,0.3,0.4,0.696,0.7,0.6,1.2,-1.4
202710,Jimmy Butler III,GSW,35.0,55,31.7,17.5,5.5,10.9,0.504,0.6,1.9,0.308,6.0,7.1,0.842,5.4,1.3,5.4,4.5
1629111,Jock Landale,HOU,29.0,42,11.9,4.8,1.9,3.6,0.533,0.3,0.6,0.423,0.6,1.0,0.675,0.9,0.5,3.3,-0.6
1628381,John Collins,UTA,27.0,40,30.5,19.0,7.0,13.3,0.527,1.5,3.7,0.399,3.5,4.1,0.848,2.0,2.6,8.2,-0.4
1629723,John Konchar,MEM,29.0,46,12.1,2.4,0.9,2.0,0.451,0.5,1.3,0.371,0.2,0.2,0.875,0.9,0.3,3.3,1.3
1642277,Johnny Furphy,IND,20.0,50,7.6,2.1,0.7,1.8,0.38,0.3,1.0,0.3,0.4,0.4,0.818,0.4,0.2,1.4,0.4
1630548,Johnny Juzang,UTA,24.0,64,19.8,8.9,3.2,7.4,0.429,1.8,4.9,0.376,0.7,0.8,0.849,1.1,0.6,2.9,-5.6
202685,Jonas Valančiūnas,SAC,33.0,81,18.8,10.4,4.3,7.7,0.55,0.1,0.5,0.216,1.8,2.0,0.879,2.0,1.5,7.7,-3.8
1628371,Jonathan Isaac,ORL,27.0,71,15.4,5.4,1.9,4.6,0.414,0.5,2.1,0.258,1.0,1.5,0.682,0.6,0.5,4.4,-0.5
1630228,Jonathan Kuminga,GSW,22.0,47,24.3,15.3,5.5,12.1,0.454,1.0,3.2,0.305,3.3,5.0,0.668,2.2,1.5,4.6,0.2
1642367,Jonathan Mogbo,TOR,23.0,63,20.4,6.2,2.5,5.7,0.438,0.3,1.1,0.243,1.0,1.3,0.732,2.3,1.1,4.9,-3.8
1641722,Jordan Hawkins,NOP,23.0,56,23.6,10.8,3.7,9.9,0.372,2.0,5.9,0.331,1.4,1.8,0.816,1.2,1.0,2.8,-5.7
1629162,Jordan McLaughlin,SAS,29.0,46,6.8,2.1,0.7,1.6,0.431,0.4,1.0,0.413,0.4,0.5,0.773,1.1,0.3,0.7,1.2
1629673,Jordan Poole,WAS,26.0,68,29.4,20.5,6.7,15.5,0.432,3.5,9.1,0.378,3.6,4.0,0.883,4.5,3.0,3.0,-8.2
1641775,Jordan Walsh,BOS,21.0,52,7.8,1.6,0.6,1.6,0.361,0.3,1.1,0.273,0.1,0.2,0.583,0.4,0.3,1.3,0.5
1630631,Jose Alvarado,NOP,27.0,56,24.4,10.3,3.6,9.3,0.392,2.0,5.5,0.359,1.1,1.3,0.811,4.6,1.5,2.4,-4.1
1630581,Josh Giddey,CHI,22.0,70,30.2,14.6,5.3,11.4,0.465,1.5,4.0,0.378,2.5,3.2,0.781,7.2,2.9,8.1,-1.0
1630182,Josh Green,CHA,24.0,68,27.8,7.4,2.6,6.2,0.428,1.4,3.6,0.391,0.7,1.1,0.681,1.6,1.0,2.5,-5.4
1628404,Josh Hart,NYK,30.0,77,37.6,13.6,5.2,10.0,0.525,1.1,3.3,0.333,2.1,2.7,0.776,5.9,2.1,9.6,2.6
1631169,Josh Minott,MIN,22.0,46,6.0,2.6,1.0,2.0,0.489,0.3,0.9,0.326,0.4,0.4,0.895,0.4,0.2,1.0,-0.3
1629006,Josh Okogie,CHA,26.0,40,15.6,7.1,2.4,5.3,0.443,0.8,2.3,0.348,1.6,2.1,0.741,0.8,0.8,2.8,-0.3
201950,Jrue Holiday,BOS,35.0,62,30.6,11.1,4.1,9.2,0.443,1.7,4.9,0.353,1.1,1.2,0.909,3.9,1.2,4.3,5.5
1630577,Julian Champagnie,SAS,24.0,82,23.6,9.9,3.4,8.1,0.415,2.2,5.9,0.371,1.0,1.1,0.904,1.4,0.9,3.9,-0.8
1641763,Julian Phillips,CHI,21.0,79,14.2,4.6,1.6,3.6,0.446,0.6,1.9,0.327,0.8,1.0,0.789,0.5,0.3,2.1,0.4
1631124,Julian Strawther,DEN,23.0,65,21.3,9.0,3.2,7.5,0.432,1.4,4.1,0.349,1.1,1.4,0.822,1.3,0.9,2.2,-1.1
203944,Julius Randle,MIN,30.0,69,32.3,18.7,6.6,13.6,0.485,1.6,4.6,0.344,3.9,4.9,0.806,4.7,2.8,7.1,2.4
1630551,Justin Champagnie,WAS,24.0,62,21.6,8.8,3.4,6.6,0.511,1.2,3.1,0.383,0.8,1.2,0.685,1.0,0.9,5.7,-4.6
1642348,Justin Edwards,PHI,21.0,44,26.2,10.1,3.9,8.6,0.455,1.6,4.3,0.363,0.7,1.0,0.696,1.6,1.1,3.4,-6.4
203994,Jusuf Nurkić,CHA,30.0,51,20.8,8.9,3.3,6.9,0.477,0.6,2.1,0.305,1.7,2.5,0.664,2.3,1.9,7.8,-3.6
1630231,KJ Martin,UTA,24.0,43,21.2,6.4,2.6,4.7,0.552,0.3,1.3,0.259,0.9,1.1,0.787,1.1,0.6,2.9,-3.3
1630539,Kai Jones,DAL,24.0,40,11.7,5.0,2.2,2.7,0.798,0.0,0.1,0.2,0.6,0.8,0.719,0.6,0.5,3.1,-0.5
1626157,Karl-Anthony Towns,NYK,29.0,72,35.0,24.4,8.9,16.9,0.526,2.0,4.7,0.42,4.7,5.7,0.829,3.1,2.7,12.8,5.3
1631255,Karlo Matković,NOP,24.0,42,18.8,7.7,3.2,5.6,0.574,0.5,1.6,0.318,0.8,1.0,0.773,1.1,1.0,5.0,-2.1
1631099,Keegan Murray,SAC,24.0,76,34.3,12.4,4.8,10.8,0.444,2.0,5.9,0.343,0.8,0.9,0.833,1.4,0.8,6.7,0.6
1642276,Kel'el Ware,MIA,21.0,64,22.2,9.3,4.0,7.3,0.554,0.5,1.7,0.315,0.7,1.0,0.687,0.9,0.9,7.4,0.6
1629640,Keldon Johnson,SAS,25.0,77,23.9,12.7,4.8,10.0,0.482,1.1,3.6,0.318,1.9,2.5,0.773,1.6,1.0,4.8,-2.8
203482,Kelly Olynyk,NOP,34.0,44,20.2,8.7,3.0,6.1,0.5,0.8,1.8,0.418,1.9,2.5,0.769,2.9,1.7,4.7,-1.3
1626162,Kelly Oubre Jr.,PHI,29.0,60,34.6,15.1,5.8,12.4,0.47,1.2,4.0,0.293,2.3,3.1,0.751,1.8,1.3,6.1,-4.3
1629026,Kenrich Williams,OKC,30.0,69,16.4,6.3,2.5,5.1,0.483,1.0,2.5,0.386,0.4,0.6,0.718,1.4,0.6,3.5,4.8
203484,Kentavious Caldwell-Pope,MEM,32.0,77,29.6,8.7,3.1,7.1,0.439,1.5,4.3,0.342,1.1,1.2,0.863,1.8,0.8,2.2,0.1
1631165,Keon Ellis,SAC,25.0,80,24.4,8.3,2.8,5.8,0.489,1.7,4.0,0.433,0.9,1.1,0.849,1.5,0.9,2.7,0.8
1630553,Keon Johnson,BKN,23.0,79,24.4,10.6,3.8,9.9,0.389,1.6,5.1,0.314,1.4,1.8,0.77,2.2,1.5,3.8,-5.4
1630556,Kessler Edwards,DAL,24.0,40,15.2,4.2,1.7,3.4,0.496,0.6,1.4,0.407,0.3,0.3,0.923,1.1,0.4,2.9,-4.0
201142,Kevin Durant,PHX,36.0,62,36.5,26.6,9.5,18.1,0.527,2.6,6.0,0.43,4.9,5.8,0.839,4.2,3.1,6.0,-0.6
1628989,Kevin Huerter,CHI,26.0,69,24.3,9.9,3.7,8.8,0.425,1.9,5.7,0.338,0.5,0.7,0.714,2.3,1.0,3.0,1.5
1629645,Kevin Porter Jr.,MIL,25.0,75,19.8,10.3,3.9,8.7,0.449,0.7,2.4,0.311,1.7,2.3,0.769,3.4,1.8,3.7,0.4
1626172,Kevon Looney,GSW,29.0,76,15.0,4.5,1.9,3.7,0.514,0.0,0.1,0.4,0.7,1.3,0.566,1.6,0.5,6.1,1.5
1641718,Keyonte George,UTA,21.0,67,31.5,16.8,5.4,13.7,0.391,2.6,7.6,0.343,3.5,4.3,0.818,5.6,2.7,3.8,-7.6
202691,Klay Thompson,DAL,35.0,72,27.3,14.0,5.0,12.2,0.412,3.0,7.7,0.391,0.9,1.0,0.905,2.0,1.2,3.4,-1.1
1641738,Kobe Brown,LAC,25.0,40,6.8,1.9,0.8,1.8,0.458,0.2,0.7,0.231,0.1,0.2,0.714,0.6,0.3,1.6,-1.3
1627739,Kris Dunn,LAC,31.0,74,24.1,6.4,2.6,5.9,0.439,1.0,3.0,0.335,0.2,0.3,0.682,2.8,1.0,3.4,3.5
1631200,Kris Murray,POR,24.0,69,15.1,4.2,1.7,4.0,0.419,0.4,1.7,0.225,0.4,0.8,0.456,1.0,0.6,2.6,-0.7
204001,Kristaps Porziņģis,BOS,29.0,42,28.8,19.5,6.6,13.7,0.483,2.5,6.0,0.412,3.8,4.7,0.809,2.1,1.3,6.8,4.1
203937,Kyle Anderson,MIA,31.0,61,16.4,5.9,2.3,5.0,0.469,0.4,1.1,0.357,0.8,1.1,0.738,2.4,0.6,3.4,-0.4
1642271,Kyle Filipowski,UTA,21.0,72,21.1,9.6,3.6,7.2,0.502,1.1,3.1,0.35,1.3,2.0,0.65,1.9,1.4,6.1,-5.1
1628398,Kyle Kuzma,MIL,29.0,65,29.8,14.8,5.7,13.0,0.436,1.5,4.8,0.307,2.0,3.1,0.634,2.3,2.2,5.7,-6.4
202681,Kyrie Irving,DAL,33.0,50,36.1,24.7,8.9,18.9,0.473,2.9,7.2,0.401,3.9,4.3,0.916,4.6,2.2,4.8,2.5
1642273,Kyshawn George,WAS,21.0,68,26.5,8.7,3.0,8.0,0.372,1.7,5.2,0.322,1.0,1.4,0.753,2.5,1.4,4.2,-5.3
1630163,LaMelo Ball,CHA,23.0,47,32.0,25.2,8.6,21.3,0.405,3.8,11.2,0.339,4.1,4.9,0.843,7.4,3.6,4.9,-2.8
1629013,Landry Shamet,NYK,28.0,50,15.2,5.7,2.1,4.6,0.461,1.2,3.1,0.397,0.2,0.4,0.667,0.5,0.4,1.2,1.8
1628374,Lauri Markkanen,UTA,28.0,47,31.4,19.0,6.3,14.9,0.423,2.9,8.5,0.346,3.4,3.9,0.876,1.5,1.4,5.9,-4.0
2544,LeBron James,LAL,40.0,70,34.9,24.4,9.3,18.1,0.513,2.1,5.7,0.376,3.7,4.7,0.782,8.2,3.7,7.8,-0.8
1630322,Lindy Waters III,DET,27.0,52,15.0,4.9,1.8,4.8,0.369,1.2,3.6,0.344,0.2,0.2,0.727,1.0,0.4,2.1,0.3
1629652,Luguentz Dort,OKC,26.0,71,29.2,10.1,3.6,8.4,0.435,2.4,5.8,0.412,0.5,0.6,0.717,1.6,0.7,4.1,7.7
1629029,Luka Dončić,LAL,26.0,50,35.4,28.2,9.2,20.5,0.45,3.5,9.6,0.368,6.2,7.9,0.782,7.7,3.6,8.2,6.9
1628379,Luke Kennard,MEM,29.0,65,22.6,8.9,3.2,6.6,0.478,1.7,4.0,0.433,0.8,0.9,0.895,3.3,1.1,2.8,1.9
1628436,Luke Kornet,BOS,29.0,73,18.6,6.0,2.6,3.8,0.668,0.0,0.0,0.0,0.9,1.3,0.691,1.6,0.4,5.3,5.5
1631103,Malaki Branham,SAS,22.0,47,9.1,5.0,1.9,4.0,0.458,0.7,1.8,0.405,0.6,0.7,0.818,0.8,0.7,1.1,-0.7
1627736,Malik Beasley,DET,28.0,82,27.8,16.3,5.6,13.1,0.43,3.9,9.3,0.416,1.2,1.7,0.679,1.7,1.0,2.6,2.1
1628370,Malik Monk,SAC,27.0,65,31.6,17.2,6.3,14.4,0.439,2.1,6.6,0.325,2.4,2.7,0.865,5.6,2.4,3.8,1.8
1631204,Marcus Sasser,DET,24.0,57,14.2,6.6,2.4,5.2,0.463,1.0,2.7,0.382,0.8,0.9,0.843,2.3,0.9,1.2,0.7
1631109,Mark Williams,CHA,23.0,44,26.6,15.3,6.1,10.2,0.604,0.0,0.1,0.0,3.0,3.7,0.804,2.5,1.6,10.2,-6.8
203486,Mason Plumlee,PHX,35.0,74,17.6,4.5,1.7,2.7,0.619,0.0,0.1,0.0,1.1,1.7,0.648,1.8,0.8,6.1,0.7
1641824,Matas Buzelis,CHI,20.0,80,18.9,8.6,3.2,6.9,0.454,1.2,3.3,0.361,1.1,1.4,0.815,1.0,0.9,3.5,-0.4
1631108,Max Christie,DAL,22.0,78,27.3,9.6,3.2,7.6,0.427,1.5,4.0,0.366,1.7,1.9,0.855,1.9,1.1,3.3,-1.1
1629622,Max Strus,CLE,29.0,50,25.5,9.4,3.3,7.5,0.442,2.3,5.9,0.386,0.6,0.7,0.824,3.2,1.1,4.3,4.4
1629008,Michael Porter Jr.,DEN,27.0,77,33.7,18.2,6.9,13.6,0.504,2.5,6.4,0.395,1.9,2.5,0.768,2.1,1.4,7.0,3.4
1628969,Mikal Bridges,NYK,28.0,82,37.0,17.6,7.2,14.4,0.5,2.0,5.6,0.354,1.2,1.4,0.814,3.7,1.6,3.2,4.1
201144,Mike Conley,MIN,37.0,71,24.7,8.2,2.6,6.6,0.4,1.8,4.4,0.41,1.1,1.3,0.9,4.5,1.1,2.6,3.7
1628970,Miles Bridges,CHA,27.0,64,31.7,20.3,7.3,17.0,0.431,2.2,7.0,0.313,3.5,4.0,0.87,3.9,2.1,7.5,-4.0
1630540,Miles McBride,NYK,24.0,64,24.9,9.5,3.5,8.5,0.406,1.8,4.9,0.369,0.8,1.0,0.813,2.9,0.6,2.5,3.3
1628420,Monté Morris,PHX,30.0,45,12.7,5.2,1.8,4.3,0.426,0.7,1.9,0.36,0.8,0.9,0.857,1.6,0.5,1.5,1.0
1630541,Moses Moody,GSW,23.0,74,22.3,9.8,3.3,7.7,0.433,1.7,4.6,0.374,1.4,1.8,0.797,1.3,0.7,2.6,1.8
1631217,Moussa Diabaté,CHA,23.0,71,17.5,5.7,2.4,3.9,0.596,0.0,0.1,0.0,1.0,1.6,0.595,0.8,0.9,6.2,-1.7
1626167,Myles Turner,IND,29.0,72,30.2,15.6,5.4,11.3,0.481,2.2,5.5,0.396,2.6,3.3,0.773,1.5,1.7,6.5,2.8
1630230,Naji Marshall,DAL,27.0,69,27.8,13.2,5.2,10.3,0.508,0.9,3.2,0.275,1.9,2.3,0.813,3.0,1.6,4.8,-2.0
1629675,Naz Reid,MIN,25.0,80,27.5,14.2,5.3,11.5,0.462,2.2,5.8,0.379,1.4,1.8,0.776,2.3,1.4,6.0,4.3
1629674,Neemias Queta,BOS,25.0,62,13.9,5.0,2.1,3.3,0.65,0.0,0.0,0.0,0.7,1.0,0.754,0.7,0.6,3.8,2.5
1629651,Nic Claxton,BKN,26.0,70,26.9,10.3,4.6,8.1,0.563,0.1,0.3,0.238,1.1,2.2,0.513,2.2,1.2,7.4,-7.1
1630208,Nick Richards,PHX,27.0,57,22.0,9.3,3.6,6.1,0.591,0.0,0.0,0.0,2.1,2.8,0.744,0.9,1.4,8.2,-4.1
1641733,Nick Smith Jr.,CHA,21.0,60,22.8,9.9,3.7,9.5,0.391,1.7,5.1,0.34,0.7,0.8,0.935,2.4,1.4,2.1,-6.6
1629638,Nickeil Alexander-Walker,MIN,26.0,82,25.3,9.4,3.3,7.5,0.438,1.7,4.5,0.381,1.1,1.4,0.78,2.7,1.2,3.2,3.3
201587,Nicolas Batum,LAC,36.0,78,17.5,4.0,1.3,3.1,0.437,1.1,2.6,0.433,0.2,0.3,0.81,1.1,0.4,2.8,1.9
203999,Nikola Jokić,DEN,30.0,70,36.7,29.6,11.2,19.5,0.576,2.0,4.7,0.417,5.2,6.4,0.8,10.2,3.3,12.7,8.5
1631107,Nikola Jović,MIA,22.0,46,25.1,10.7,3.7,8.2,0.456,1.7,4.6,0.371,1.6,1.9,0.828,2.8,1.3,3.9,-0.4
202696,Nikola Vučević,CHI,34.0,73,31.2,18.5,7.5,14.2,0.53,1.8,4.4,0.402,1.6,2.0,0.805,3.5,1.6,10.1,-1.3
1641730,Noah Clowney,BKN,20.0,46,22.7,9.1,2.9,8.1,0.358,1.9,5.7,0.333,1.5,1.7,0.838,0.9,1.0,3.9,-5.7
1626181,Norman Powell,LAC,32.0,60,32.6,21.8,7.6,15.8,0.484,3.0,7.1,0.418,3.6,4.4,0.804,2.1,1.8,3.2,5.9
1628384,OG Anunoby,NYK,27.0,74,36.6,18.0,6.6,13.9,0.476,2.3,6.2,0.372,2.5,3.1,0.81,2.2,1.4,4.8,4.1
1630167,Obi Toppin,IND,27.0,79,19.6,10.5,4.0,7.6,0.529,1.4,3.8,0.365,1.1,1.4,0.781,1.6,0.9,4.0,-1.0
1630534,Ochai Agbaji,TOR,25.0,64,27.2,10.4,4.2,8.3,0.498,1.6,4.0,0.399,0.5,0.8,0.708,1.5,0.8,3.8,-3.3
1641765,Olivier-Maxence Prosper,DAL,22.0,52,11.2,3.9,1.3,3.3,0.402,0.2,1.0,0.235,0.9,1.5,0.645,0.8,0.3,2.4,-2.0
1630168,Onyeka Okongwu,ATL,24.0,74,27.9,13.4,5.2,9.2,0.567,0.6,2.0,0.324,2.2,2.9,0.759,2.3,1.2,8.9,0.5
1631115,Orlando Robinson,TOR,24.0,44,17.5,6.9,2.6,5.9,0.444,0.4,1.2,0.327,1.2,1.6,0.771,1.8,1.1,5.0,-2.0
1642345,Oso Ighodaro,PHX,22.0,61,17.1,4.2,1.9,3.1,0.604,0.0,0.0,0.0,0.5,0.8,0.58,1.2,0.6,3.6,-0.3
1629023,P.J. Washington,DAL,26.0,57,32.2,14.7,5.3,11.7,0.453,1.6,4.2,0.381,2.5,3.5,0.722,2.3,2.1,7.8,0.9
1631094,Paolo Banchero,ORL,22.0,46,34.4,25.9,9.0,19.8,0.452,1.9,5.9,0.32,6.1,8.4,0.727,4.8,3.0,7.5,-0.5
1627783,Pascal Siakam,IND,31.0,78,32.7,20.2,7.9,15.2,0.519,1.6,4.2,0.389,2.9,3.9,0.734,3.4,1.4,6.9,4.0
1626192,Pat Connaughton,MIL,32.0,41,14.7,5.3,2.0,4.3,0.469,0.6,2.0,0.321,0.6,0.8,0.774,1.7,0.6,2.7,-0.3
1630172,Patrick Williams,CHI,23.0,63,25.0,9.0,3.3,8.2,0.397,1.5,4.3,0.353,1.0,1.3,0.723,2.0,1.4,3.8,-2.9
202331,Paul George,PHI,35.0,41,32.5,16.2,6.0,13.9,0.43,2.3,6.5,0.358,1.9,2.4,0.814,4.3,2.6,5.3,-2.0
1630194,Paul Reed,DET,26.0,45,9.7,4.1,1.6,3.2,0.507,0.2,0.6,0.286,0.7,0.9,0.762,1.0,0.6,2.7,1.0
1630202,Payton Pritchard,BOS,27.0,80,28.4,14.3,5.1,10.8,0.472,3.2,7.8,0.407,0.9,1.1,0.845,3.5,1.0,3.8,5.4
1641796,Pelle Larsson,MIA,24.0,55,14.2,4.6,1.6,3.7,0.438,0.6,1.7,0.337,0.7,1.1,0.672,1.2,0.4,1.7,0.2
1631212,Peyton Watson,DEN,22.0,68,24.3,8.1,3.0,6.3,0.477,0.7,2.0,0.353,1.4,2.0,0.693,1.4,0.8,3.4,-0.4
1630173,Precious Achiuwa,NYK,25.0,57,20.5,6.6,2.9,5.7,0.502,0.2,0.6,0.278,0.7,1.2,0.594,1.0,0.8,5.6,-0.8
1629656,Quentin Grimes,PHI,25.0,75,26.8,14.6,5.1,11.0,0.467,2.2,5.6,0.385,2.2,2.9,0.757,3.0,1.9,4.3,-3.5
1642366,Quinten Post,GSW,25.0,42,16.3,8.1,2.9,6.5,0.449,1.7,4.3,0.408,0.5,0.6,0.778,1.3,0.8,3.5,1.0
1629628,RJ Barrett,TOR,25.0,58,32.2,21.1,7.9,16.9,0.468,1.8,5.3,0.35,3.4,5.4,0.63,5.4,2.9,6.3,-2.4
1641712,Rayan Rupert,POR,21.0,52,8.8,3.0,1.1,2.7,0.408,0.3,1.1,0.271,0.4,0.6,0.767,0.5,0.6,1.3,-1.7
1642263,Reed Sheppard,HOU,21.0,52,12.6,4.4,1.6,4.6,0.351,0.9,2.7,0.338,0.3,0.3,0.813,1.4,0.7,1.5,-1.0
1641741,Ricky Council IV,PHI,23.0,73,17.1,7.3,2.4,6.3,0.382,0.8,2.9,0.258,1.7,2.1,0.804,1.3,0.7,2.9,-2.2
1642265,Rob Dillingham,MIN,20.0,49,10.5,4.5,1.9,4.3,0.441,0.5,1.5,0.338,0.2,0.3,0.533,2.0,1.1,1.0,0.4
1641842,Ronald Holland II,DET,19.0,81,15.6,6.4,2.4,5.1,0.474,0.4,1.9,0.238,1.1,1.5,0.754,1.0,0.9,2.7,-0.7
1626220,Royce O'Neale,PHX,32.0,75,24.5,9.1,3.2,7.6,0.423,2.4,5.9,0.406,0.3,0.3,0.731,2.2,0.9,4.7,-2.1
203497,Rudy Gobert,MIN,33.0,72,33.2,12.0,4.7,7.1,0.669,0.0,0.0,0.0,2.6,3.8,0.674,1.8,1.2,10.9,4.5
1629060,Rui Hachimura,LAL,27.0,59,31.7,13.1,5.0,9.8,0.509,1.7,4.2,0.413,1.5,1.9,0.77,1.4,0.8,5.0,2.7
201566,Russell Westbrook,DEN,36.0,75,27.9,13.3,5.0,11.1,0.449,1.3,3.9,0.323,2.1,3.1,0.661,6.1,3.2,4.9,-0.3
1642346,Ryan Dunn,PHX,22.0,74,19.1,6.9,2.8,6.4,0.43,1.1,3.6,0.311,0.3,0.5,0.487,0.8,0.5,3.6,-2.3
1631157,Ryan Rollins,MIL,22.0,56,14.6,6.2,2.4,4.8,0.487,0.9,2.1,0.408,0.6,0.8,0.8,1.9,0.9,1.9,1.5
1630573,Sam Hauser,BOS,27.0,71,21.7,8.5,3.0,6.7,0.451,2.3,5.6,0.416,0.2,0.2,1.0,0.9,0.3,3.2,4.6
1630241,Sam Merrill,CLE,29.0,71,19.7,7.2,2.4,6.0,0.406,1.9,5.2,0.372,0.4,0.4,0.966,1.5,0.5,2.2,4.5
1630572,Sandro Mamukelashvili,SAS,26.0,61,11.2,6.3,2.3,4.6,0.502,1.0,2.6,0.373,0.7,1.0,0.741,0.8,0.4,3.1,-0.5
1630583,Santi Aldama,MEM,24.0,65,25.5,12.5,4.8,10.0,0.483,1.8,5.0,0.368,1.0,1.4,0.691,2.9,1.1,6.4,2.3
1630703,Scoot Henderson,POR,21.0,66,26.7,12.7,4.3,10.4,0.419,1.6,4.5,0.354,2.4,3.1,0.767,5.1,2.7,3.0,-0.6
1630567,Scottie Barnes,TOR,23.0,65,32.8,19.3,7.3,16.4,0.446,1.2,4.3,0.271,3.5,4.6,0.755,5.8,2.8,7.7,-2.0
1630590,Scotty Pippen Jr.,MEM,24.0,79,21.3,9.9,3.6,7.5,0.48,1.1,2.8,0.397,1.5,2.2,0.713,4.4,1.7,3.3,0.6
203552,Seth Curry,CHA,34.0,68,15.6,6.5,2.4,5.0,0.478,1.2,2.7,0.456,0.5,0.6,0.846,0.9,0.5,1.7,-2.5
1631101,Shaedon Sharpe,POR,22.0,72,31.3,18.5,6.9,15.3,0.452,2.0,6.6,0.311,2.6,3.4,0.785,2.8,2.1,4.5,-1.9
1628983,Shai Gilgeous-Alexander,OKC,26.0,76,34.2,32.7,11.3,21.8,0.519,2.1,5.7,0.375,7.9,8.8,0.898,6.4,2.4,5.0,12.1
1629003,Shake Milton,LAL,28.0,57,14.7,5.5,2.0,4.5,0.453,0.7,1.9,0.358,0.8,1.0,0.797,1.8,0.7,1.8,-2.1
1631323,Simone Fontecchio,DET,29.0,75,16.5,5.9,2.0,5.0,0.402,1.0,3.0,0.335,0.9,1.1,0.833,0.9,0.7,2.9,0.2
203915,Spencer Dinwiddie,DAL,32.0,79,27.0,11.0,3.6,8.6,0.416,1.4,4.1,0.334,2.5,3.1,0.802,4.4,1.3,2.6,-2.8
201939,Stephen Curry,GSW,37.0,70,32.2,24.5,8.1,18.0,0.448,4.4,11.2,0.397,4.0,4.3,0.933,6.0,2.9,4.4,4.3
1642264,Stephon Castle,SAS,20.0,81,26.7,14.7,5.2,12.2,0.428,1.2,4.1,0.285,3.1,4.2,0.724,4.1,2.2,3.7,-3.0
203500,Steven Adams,HOU,31.0,58,13.7,3.9,1.6,2.9,0.545,0.0,0.0,0.0,0.7,1.6,0.462,1.1,0.9,5.6,3.0
204456,T.J. McConnell,IND,33.0,79,17.9,9.1,4.1,7.9,0.519,0.2,0.6,0.306,0.7,1.0,0.74,4.4,1.4,2.4,-0.7
1629659,Talen Horton-Tucker,CHI,24.0,58,12.5,6.5,2.3,5.0,0.457,0.7,2.1,0.336,1.2,1.7,0.735,1.4,0.7,1.7,0.3
1631106,Tari Eason,HOU,24.0,57,24.9,12.0,4.8,9.8,0.487,1.1,3.2,0.342,1.4,1.8,0.76,1.5,1.1,6.4,2.5
1627752,Taurean Prince,MIL,31.0,80,27.1,8.2,2.9,6.4,0.457,1.8,4.2,0.439,0.5,0.6,0.813,1.9,1.0,3.6,-0.3
1629611,Terance Mann,ATL,28.0,67,21.1,7.7,3.1,6.2,0.496,0.9,2.4,0.368,0.7,1.0,0.691,1.8,0.7,3.0,-1.4
1626179,Terry Rozier,MIA,31.0,64,25.9,10.6,3.9,9.9,0.391,1.4,4.8,0.295,1.4,1.7,0.852,2.6,1.2,3.7,-2.2
1628418,Thomas Bryant,IND,27.0,66,14.6,6.5,2.5,4.9,0.508,0.7,2.2,0.324,0.8,1.0,0.859,0.8,0.5,3.8,-0.6
1642275,Tidjane Salaün,CHA,19.0,60,20.7,5.9,1.9,5.8,0.33,1.0,3.4,0.283,1.1,1.6,0.713,1.2,1.0,4.7,-5.4
203501,Tim Hardaway Jr.,DET,33.0,77,28.0,11.0,3.6,8.8,0.406,2.2,5.9,0.368,1.6,1.9,0.855,1.6,0.6,2.4,0.3
202699,Tobias Harris,DET,32.0,73,31.6,13.7,5.3,11.0,0.477,1.2,3.6,0.345,2.0,2.3,0.861,2.2,1.2,5.9,2.6
1641739,Toumani Camara,POR,25.0,78,32.7,11.3,4.2,9.2,0.458,1.7,4.6,0.375,1.2,1.6,0.722,2.2,1.4,5.8,-1.5
1629027,Trae Young,ATL,26.0,76,36.0,24.2,7.4,18.1,0.411,2.9,8.4,0.34,6.5,7.4,0.875,11.6,4.7,3.1,0.4
1631218,Trayce Jackson-Davis,GSW,25.0,62,15.6,6.6,2.8,4.9,0.576,0.0,0.0,0.0,1.0,1.6,0.578,1.7,0.7,5.0,-1.0
1630200,Tre Jones,CHI,25.0,46,19.7,7.2,2.8,5.2,0.538,0.4,1.0,0.396,1.2,1.5,0.821,4.2,0.8,2.5,-0.7
1630570,Trendon Watford,BKN,24.0,44,20.7,10.2,3.7,8.0,0.469,0.7,2.0,0.33,2.1,2.8,0.762,2.6,1.9,3.6,-1.5
1626168,Trey Lyles,SAC,29.0,69,19.6,6.5,2.3,5.4,0.42,1.2,3.4,0.34,0.8,1.2,0.7,1.2,0.6,4.6,-1.0
1630530,Trey Murphy III,NOP,25.0,53,35.0,21.2,7.2,15.8,0.454,3.0,8.3,0.361,3.8,4.3,0.887,3.5,1.9,5.1,-7.2
202684,Tristan Thompson,CLE,34.0,40,8.2,1.7,0.8,1.8,0.437,0.0,0.1,0.0,0.2,0.8,0.233,0.6,0.4,3.4,-2.1
1641783,Tristan da Silva,ORL,24.0,74,22.0,7.2,2.7,6.5,0.412,1.1,3.2,0.335,0.7,0.9,0.873,1.5,0.8,3.3,-1.7
1629660,Ty Jerome,CLE,27.0,70,19.9,12.5,4.6,8.8,0.516,1.6,3.6,0.439,1.8,2.1,0.872,3.4,1.3,2.5,4.3
1629639,Tyler Herro,MIA,25.0,77,35.4,23.9,8.5,17.9,0.472,3.3,8.7,0.375,3.7,4.2,0.878,5.5,2.6,5.2,1.3
1642278,Tyler Kolek,NYK,24.0,41,7.2,2.0,0.7,2.0,0.329,0.3,1.1,0.298,0.3,0.4,0.765,1.7,0.4,0.7,0.0
1630169,Tyrese Haliburton,IND,25.0,73,33.6,18.6,6.5,13.8,0.473,3.0,7.7,0.388,2.6,3.0,0.851,9.2,1.6,3.5,3.0
1631213,Tyrese Martin,BKN,26.0,60,21.9,8.7,3.2,7.8,0.406,1.7,4.7,0.351,0.8,1.0,0.793,2.0,1.2,3.7,-4.3
1630178,Tyrese Maxey,PHI,24.0,52,37.7,26.3,9.2,21.0,0.437,3.1,9.2,0.337,4.9,5.6,0.879,6.1,2.4,3.3,-2.4
1626145,Tyus Jones,PHX,29.0,81,26.8,10.2,3.8,8.4,0.448,2.0,5.0,0.414,0.6,0.7,0.895,5.3,1.1,2.4,-1.1
203995,Vasilije Micic,PHX,31.0,41,19.1,6.6,2.3,6.7,0.348,1.1,3.0,0.36,0.8,1.0,0.829,3.1,1.9,2.2,-3.0
1641705,Victor Wembanyama,SAS,21.0,46,33.2,24.3,8.9,18.6,0.476,3.1,8.8,0.352,3.4,4.1,0.836,3.7,3.2,11.0,2.2
1630249,Vít Krejčí,ATL,25.0,57,20.2,7.2,2.5,5.1,0.497,1.6,3.6,0.437,0.6,0.8,0.711,2.6,0.9,2.7,-1.2
1631117,Walker Kessler,UTA,23.0,58,30.0,11.1,4.8,7.2,0.663,0.1,0.6,0.176,1.4,2.6,0.52,1.7,1.5,12.2,-5.7
1628976,Wendell Carter Jr.,ORL,26.0,68,25.9,9.1,3.3,7.2,0.46,0.5,2.3,0.234,1.9,2.6,0.737,2.0,1.1,7.2,-0.2
1642274,Yves Missi,NOP,21.0,73,26.8,9.1,3.7,6.7,0.547,0.0,0.0,0.0,1.7,2.8,0.623,1.4,1.1,8.2,-7.0
1642258,Zaccharie Risacher,ATL,20.0,75,24.6,12.6,4.8,10.4,0.458,1.6,4.6,0.355,1.4,2.0,0.711,1.2,1.2,3.6,-1.6
1628380,Zach Collins,CHI,27.0,64,15.3,6.4,2.4,4.7,0.507,0.5,1.7,0.302,1.1,1.2,0.885,1.7,0.9,4.5,-0.5
1641744,Zach Edey,MEM,23.0,66,21.5,9.2,3.8,6.6,0.58,0.3,0.8,0.346,1.4,1.9,0.709,1.0,1.3,8.3,2.5
203897,Zach LaVine,SAC,30.0,74,35.2,23.3,8.4,16.5,0.511,3.2,7.2,0.446,3.2,3.9,0.825,4.2,2.8,4.3,-0.9
1630192,Zeke Nnaji,DEN,24.0,57,10.7,3.2,1.2,2.5,0.496,0.3,0.9,0.327,0.5,0.8,0.614,0.4,0.2,1.6,-0.4
1630533,Ziaire Williams,BKN,23.0,63,24.5,10.0,3.4,8.3,0.412,1.6,4.8,0.341,1.6,2.0,0.821,1.3,1.1,4.6,-5.2
