SEASON,GAME_ID,GAME_DATE,MATCHUP,WL,MIN,OFF_RATING,DEF_RATING,NET_RATING,AST_PCT,AST_RATIO,OREB_PCT,DREB_PCT,REB_PCT,TO_RATIO,EFG_PCT,TS_PCT,USG_PCT,PACE,PIE
2019-20,0021901303,"Aug 11, 2020",WAS vs. MIL,L,29:13,100.0,116.7,-16.7,0.067,4.2,0.057,0.111,0.081,8.3,0.417,0.484,0.319,105.97,0.05
2019-20,0021901285,"Aug 09, 2020",WAS @ OKC,L,25:30,105.7,122.6,-17.0,0.067,7.1,0.111,0.167,0.133,7.1,0.364,0.446,0.197,99.76,0.088
2019-20,0021901278,"Aug 07, 2020",WAS @ NOP,L,37:30,110.7,109.5,1.2,0.083,10.0,0.027,0.135,0.081,5.0,0.656,0.681,0.191,107.54,0.144
2019-20,0021901263,"Aug 05, 2020",WAS vs. PHI,L,38:33,93.8,97.6,-3.7,0.074,13.3,0.049,0.143,0.096,0.0,0.227,0.303,0.143,101.48,0.038
2019-20,0021901252,"Aug 03, 2020",WAS vs. IND,L,34:04,98.5,118.8,-20.3,0.25,30.0,0.048,0.147,0.092,5.0,0.333,0.349,0.175,96.54,0.056
2019-20,0021901244,"Aug 02, 2020",WAS @ BKN,L,32:13,107.2,107.2,0.0,0.167,26.7,0.032,0.073,0.056,13.3,0.333,0.521,0.145,102.8,0.071
2019-20,0021901235,"Jul 31, 2020",WAS vs. PHX,L,29:47,91.3,110.3,-19.0,0.071,4.3,0.088,0.217,0.14,21.7,0.533,0.61,0.282,110.4,0.144
2019-20,0021900961,"Mar 10, 2020",WAS vs. NYK,W,28:35,114.3,110.9,3.3,0.118,18.2,0.0,0.25,0.135,9.1,0.667,0.773,0.132,106.64,0.149
2019-20,0021900951,"Mar 08, 2020",WAS vs. MIA,L,39:33,79.5,101.3,-21.8,0.15,25.0,0.021,0.156,0.075,8.3,0.0,0.0,0.107,94.66,-0.034
2019-20,0021900930,"Mar 06, 2020",WAS vs. ATL,W,32:52,114.7,104.5,10.2,0.08,18.2,0.133,0.125,0.129,9.1,0.0,0.193,0.118,98.58,0.022
2019-20,0021900925,"Mar 04, 2020",WAS @ POR,L,28:31,113.3,140.0,-26.7,0.19,23.5,0.028,0.143,0.07,0.0,0.364,0.431,0.183,100.99,0.069
2019-20,0021900916,"Mar 03, 2020",WAS @ SAC,L,30:14,126.1,125.0,1.1,0.143,17.6,0.05,0.208,0.136,11.8,0.722,0.799,0.197,108.77,0.137
2019-20,0021900901,"Mar 01, 2020",WAS @ GSW,W,29:47,118.5,101.6,16.9,0.05,7.7,0.04,0.269,0.157,7.7,0.563,0.677,0.174,103.95,0.138
2019-20,0021900885,"Feb 28, 2020",WAS @ UTA,L,32:06,117.4,117.4,0.0,0.0,0.0,0.111,0.091,0.101,8.3,0.65,0.689,0.148,103.18,0.125
2019-20,0021900866,"Feb 26, 2020",WAS vs. BKN,W,26:59,110.3,112.3,-1.9,0.0,0.0,0.033,0.111,0.07,14.3,0.7,0.697,0.212,102.29,0.119
2019-20,0021900851,"Feb 24, 2020",WAS vs. MIL,L,46:06,110.8,113.0,-2.2,0.057,11.8,0.021,0.086,0.049,5.9,0.375,0.436,0.134,105.16,0.04
2019-20,0021900845,"Feb 23, 2020",WAS @ CHI,L,28:30,113.8,107.7,6.2,0.182,23.5,0.0,0.32,0.157,23.5,0.5,0.563,0.186,109.47,0.103
2019-20,0021900827,"Feb 21, 2020",WAS vs. CLE,L,30:10,95.5,107.6,-12.1,0.176,17.6,0.065,0.174,0.101,0.0,0.577,0.612,0.167,105.02,0.225
2019-20,0021900811,"Feb 12, 2020",WAS @ NYK,W,23:06,110.4,81.3,29.2,0.056,10.0,0.043,0.129,0.093,10.0,0.429,0.481,0.167,99.74,0.069
2019-20,0021900803,"Feb 11, 2020",WAS vs. CHI,W,31:48,136.9,103.0,33.9,0.103,15.0,0.074,0.065,0.069,10.0,0.583,0.683,0.227,99.62,0.136
2019-20,0021900789,"Feb 09, 2020",WAS vs. MEM,L,24:58,76.4,85.5,-9.1,0.1,6.7,0.077,0.229,0.149,0.0,0.423,0.432,0.222,105.74,0.159
2019-20,0021900770,"Feb 07, 2020",WAS vs. DAL,W,28:42,98.3,110.2,-11.9,0.071,6.3,0.034,0.161,0.1,12.5,0.667,0.66,0.231,98.7,0.162
2019-20,0021900744,"Feb 03, 2020",WAS vs. GSW,L,25:52,96.4,107.4,-11.0,0.0,0.0,0.0,0.308,0.163,18.2,0.625,0.619,0.186,102.06,0.119
2019-20,0021900394,"Dec 16, 2019",WAS @ DET,W,17:01,127.0,137.8,-10.8,0.0,0.0,0.091,0.063,0.074,20.0,0.75,0.788,0.125,104.37,0.069
2019-20,0021900383,"Dec 14, 2019",WAS @ MEM,L,28:40,93.8,123.4,-29.6,0.0,0.0,0.0,0.182,0.065,0.0,0.45,0.46,0.149,108.0,0.034
2019-20,0021900352,"Dec 10, 2019",WAS @ CHA,L,32:49,97.0,142.4,-45.5,0.118,9.5,0.105,0.267,0.176,0.0,0.438,0.483,0.253,96.56,0.115
2019-20,0021900339,"Dec 08, 2019",WAS vs. LAC,L,37:24,102.4,143.9,-41.5,0.174,19.0,0.073,0.103,0.088,0.0,0.357,0.498,0.191,105.24,0.081
2019-20,0021900324,"Dec 06, 2019",WAS @ MIA,L,39:11,103.8,124.4,-20.6,0.074,10.5,0.024,0.132,0.075,5.3,0.4,0.441,0.189,96.78,0.063
2019-20,0021900316,"Dec 05, 2019",WAS vs. PHI,W,42:31,110.9,109.8,1.1,0.0,0.0,0.022,0.171,0.086,9.1,0.639,0.683,0.214,103.87,0.134
2019-20,0021900300,"Dec 03, 2019",WAS vs. ORL,L,38:31,125.3,115.3,10.0,0.114,22.2,0.0,0.154,0.08,5.6,0.5,0.563,0.157,104.7,0.073
2019-20,0021900292,"Dec 01, 2019",WAS @ LAC,L,38:27,116.1,127.5,-11.3,0.115,11.1,0.043,0.189,0.107,0.0,0.609,0.617,0.231,114.88,0.145
2019-20,0021900279,"Nov 29, 2019",WAS @ LAL,L,26:23,91.7,134.4,-42.8,0.077,5.6,0.033,0.259,0.14,5.6,0.467,0.504,0.258,110.07,0.118
2019-20,0021900263,"Nov 27, 2019",WAS @ PHX,W,31:02,126.5,119.1,7.4,0.0,0.0,0.036,0.172,0.105,0.0,0.25,0.338,0.122,105.18,0.027
2019-20,0021900252,"Nov 26, 2019",WAS @ DEN,L,22:01,77.6,108.0,-30.4,0.167,16.7,0.0,0.2,0.082,0.0,0.35,0.35,0.196,107.92,0.034
2019-20,0021900237,"Nov 24, 2019",WAS vs. SAC,L,23:24,108.7,120.8,-12.1,0.063,10.0,0.0,0.19,0.093,10.0,0.357,0.444,0.176,96.4,0.073
2019-20,0021900216,"Nov 22, 2019",WAS vs. CHA,W,21:20,102.1,113.3,-11.2,0.0,0.0,0.0,0.091,0.049,7.1,0.583,0.582,0.28,103.5,0.107
2019-20,0021900203,"Nov 20, 2019",WAS vs. SAS,W,25:27,139.6,110.9,28.7,0.087,12.5,0.111,0.172,0.149,6.3,0.5,0.593,0.237,101.85,0.093
2019-20,0021900185,"Nov 17, 2019",WAS @ ORL,L,27:55,122.0,127.1,-5.1,0.08,22.2,0.036,0.125,0.077,0.0,0.429,0.429,0.111,101.46,0.038
2019-20,0021900171,"Nov 15, 2019",WAS @ MIN,W,25:11,122.0,105.1,16.9,0.12,20.0,0.04,0.12,0.08,13.3,0.4,0.4,0.179,112.46,0.06
2019-20,0021900156,"Nov 13, 2019",WAS @ BOS,L,24:15,138.0,145.1,-7.1,0.111,12.5,0.125,0.053,0.093,0.0,0.75,0.763,0.241,99.96,0.135
2019-20,0021900118,"Nov 08, 2019",WAS vs. CLE,L,35:18,107.0,126.4,-19.3,0.125,15.8,0.118,0.088,0.103,10.5,0.769,0.756,0.188,97.22,0.154
2019-20,0021900104,"Nov 06, 2019",WAS @ IND,L,20:50,87.8,126.5,-38.8,0.067,14.3,0.045,0.333,0.186,14.3,0.0,0.0,0.109,112.9,0.024
2019-20,0021900091,"Nov 04, 2019",WAS vs. DET,W,16:18,118.8,121.2,-2.5,0.333,27.3,0.118,0.143,0.129,9.1,0.786,0.806,0.216,95.75,0.162
2019-20,0021900080,"Nov 02, 2019",WAS vs. MIN,L,22:29,77.4,130.2,-52.8,0.0,0.0,0.029,0.053,0.038,8.3,0.182,0.182,0.194,113.15,-0.072
2019-20,0021900061,"Oct 30, 2019",WAS vs. HOU,L,35:31,137.0,155.7,-18.7,0.0,0.0,0.08,0.083,0.082,5.9,0.7,0.724,0.195,108.12,0.081
2019-20,0021900033,"Oct 26, 2019",WAS @ SAS,L,37:59,118.2,124.7,-6.5,0.111,15.8,0.083,0.102,0.094,10.5,0.571,0.571,0.178,97.31,0.109
2019-20,0021900022,"Oct 25, 2019",WAS @ OKC,W,34:39,101.3,90.4,10.9,0.083,8.3,0.024,0.125,0.068,4.2,0.4,0.446,0.265,102.51,0.103
2019-20,0021900009,"Oct 23, 2019",WAS @ DAL,L,24:51,111.3,107.5,3.8,0.0,0.0,0.129,0.24,0.179,0.0,0.467,0.467,0.234,102.4,0.122
2020-21,0022001080,"May 16, 2021",WAS vs. CHA,W,34:21,106.8,110.5,-3.8,0.0,0.0,0.0,0.14,0.079,0.0,0.667,0.667,0.152,104.8,0.106
2020-21,0022000204,"May 14, 2021",WAS vs. CLE,W,34:10,112.9,111.3,1.6,0.043,5.9,0.029,0.059,0.044,5.9,0.467,0.453,0.211,99.06,0.037
2020-21,0022001042,"May 12, 2021",WAS @ ATL,L,30:23,110.4,111.8,-1.3,0.12,21.4,0.057,0.148,0.097,0.0,0.5,0.5,0.147,106.64,0.076
2020-21,0022001026,"May 10, 2021",WAS @ ATL,L,27:31,110.9,117.2,-6.3,0.0,0.0,0.0,0.103,0.05,5.0,0.5,0.514,0.294,111.64,0.079
2020-21,0022001012,"May 08, 2021",WAS @ IND,W,34:57,107.6,105.1,2.5,0.04,6.7,0.024,0.135,0.077,6.7,0.462,0.484,0.149,107.83,0.064
2020-21,0022000976,"May 03, 2021",WAS vs. IND,W,31:19,133.3,107.7,25.6,0.067,8.3,0.037,0.14,0.1,8.3,0.658,0.679,0.262,119.56,0.136
2020-21,0022000964,"May 01, 2021",WAS @ DAL,L,28:34,125.0,130.4,-5.4,0.0,0.0,0.037,0.042,0.039,13.3,0.682,0.682,0.227,94.1,0.071
2020-21,0022000951,"Apr 30, 2021",WAS @ CLE,W,22:33,106.0,102.1,3.9,0.063,9.1,0.032,0.148,0.086,0.0,0.438,0.564,0.169,104.3,0.136
2020-21,0022000935,"Apr 28, 2021",WAS vs. LAL,W,29:32,124.1,108.5,15.7,0.08,16.7,0.0,0.029,0.016,0.0,0.5,0.615,0.152,95.08,0.07
2020-21,0022000919,"Apr 26, 2021",WAS vs. SAS,L,31:41,148.4,138.7,9.7,0.03,11.1,0.037,0.217,0.12,0.0,0.786,0.825,0.105,93.93,0.101
2020-21,0022000856,"Apr 17, 2021",WAS vs. DET,W,23:00,117.3,86.3,31.0,0.0,0.0,0.0,0.083,0.043,11.1,0.357,0.381,0.158,107.48,0.006
2020-21,0022000847,"Apr 16, 2021",WAS vs. NOP,W,42:22,89.4,101.1,-11.7,0.1,17.6,0.0,0.07,0.033,0.0,0.231,0.216,0.143,106.5,-0.006
2020-21,0022000839,"Apr 14, 2021",WAS @ SAC,W,34:35,106.3,107.4,-1.2,0.0,0.0,0.067,0.061,0.063,21.4,0.545,0.545,0.152,111.73,0.046
2020-21,0022000820,"Apr 12, 2021",WAS @ UTA,W,30:08,104.8,109.5,-4.7,0.043,12.5,0.03,0.143,0.088,0.0,0.286,0.286,0.103,99.55,0.004
2020-21,0022000803,"Apr 10, 2021",WAS @ PHX,L,24:41,84.5,118.6,-34.2,0.0,0.0,0.042,0.231,0.14,27.3,0.286,0.381,0.177,113.76,0.037
2020-21,0022000798,"Apr 09, 2021",WAS @ GSW,W,37:49,115.9,100.0,15.9,0.037,4.8,0.026,0.114,0.068,14.3,0.594,0.619,0.213,104.08,0.095
2020-21,0022000777,"Apr 07, 2021",WAS @ ORL,W,30:27,119.0,103.3,15.8,0.074,13.3,0.087,0.135,0.117,13.3,0.333,0.418,0.194,97.73,0.07
2020-21,0022000179,"Apr 01, 2021",WAS @ DET,L,30:13,80.6,115.4,-34.8,0.1,13.3,0.03,0.034,0.032,6.7,0.417,0.402,0.181,104.84,0.022
2020-21,0022000718,"Mar 30, 2021",WAS vs. CHA,L,40:19,107.0,111.6,-4.7,0.125,9.7,0.02,0.071,0.043,6.5,0.5,0.551,0.277,102.39,0.113
2020-21,0022000707,"Mar 29, 2021",WAS vs. IND,W,36:24,101.1,100.0,1.1,0.111,9.7,0.0,0.186,0.1,9.7,0.5,0.523,0.286,116.7,0.137
2020-21,0022000694,"Mar 27, 2021",WAS vs. DET,W,35:05,113.2,82.9,30.3,0.0,0.0,0.0,0.136,0.079,20.0,0.545,0.589,0.181,104.01,0.071
2020-21,0022000679,"Mar 25, 2021",WAS @ NYK,L,41:25,104.3,95.6,8.8,0.08,9.5,0.0,0.145,0.087,4.8,0.625,0.591,0.186,105.46,0.167
2020-21,0022000662,"Mar 23, 2021",WAS @ NYK,L,34:10,105.4,119.7,-14.3,0.045,6.7,0.029,0.176,0.101,6.7,0.423,0.423,0.169,101.85,0.048
2020-21,0022000647,"Mar 21, 2021",WAS @ BKN,L,40:13,120.5,115.7,4.8,0.0,0.0,0.033,0.209,0.137,8.3,0.909,0.909,0.129,99.08,0.128
2020-21,0022000166,"Mar 18, 2021",WAS vs. UTA,W,39:09,119.1,117.8,1.3,0.0,0.0,0.0,0.146,0.086,21.4,0.5,0.53,0.151,109.73,0.053
2020-21,0022000619,"Mar 17, 2021",WAS vs. SAC,L,37:37,117.6,114.9,2.7,0.0,0.0,0.029,0.205,0.122,5.9,0.467,0.521,0.179,109.74,0.086
2020-21,0022000603,"Mar 15, 2021",WAS vs. MIL,L,36:46,110.7,119.0,-8.3,0.2,20.0,0.0,0.212,0.108,8.0,0.611,0.611,0.23,109.69,0.12
2020-21,0022000589,"Mar 13, 2021",WAS vs. MIL,L,38:20,110.1,110.1,0.0,0.038,4.3,0.0,0.244,0.121,8.7,0.694,0.734,0.232,111.44,0.174
2020-21,0022000579,"Mar 12, 2021",WAS vs. PHI,L,21:04,78.7,123.9,-45.2,0.0,0.0,0.0,0.0,0.0,12.5,0.6,0.666,0.163,105.95,0.071
2020-21,0022000566,"Mar 10, 2021",WAS @ MEM,L,25:23,90.0,116.4,-26.4,0.0,0.0,0.0,0.188,0.091,0.0,0.35,0.468,0.185,114.41,0.098
2020-21,0022000554,"Mar 04, 2021",WAS vs. LAC,W,32:06,113.9,101.4,12.5,0.043,9.1,0.028,0.074,0.048,18.2,0.583,0.58,0.127,106.17,0.013
2020-21,0022000536,"Mar 02, 2021",WAS vs. MEM,L,25:19,95.0,136.1,-41.1,0.059,10.0,0.0,0.111,0.044,0.0,0.357,0.4,0.141,114.71,0.016
2020-21,0022000524,"Feb 28, 2021",WAS @ BOS,L,25:08,78.8,79.2,-0.4,0.067,14.3,0.032,0.152,0.094,14.3,0.2,0.2,0.102,100.24,0.07
2020-21,0022000517,"Feb 27, 2021",WAS vs. MIN,W,26:13,114.8,106.5,8.3,0.087,16.7,0.034,0.156,0.098,8.3,0.333,0.333,0.149,112.6,0.028
2020-21,0022000502,"Feb 25, 2021",WAS @ DEN,W,38:11,115.0,108.9,6.1,0.08,10.0,0.051,0.083,0.067,5.0,0.594,0.592,0.2,99.94,0.105
2020-21,0022000488,"Feb 23, 2021",WAS @ LAC,L,36:29,124.7,134.2,-9.5,0.059,16.7,0.036,0.242,0.148,16.7,0.625,0.625,0.125,100.65,0.065
2020-21,0022000479,"Feb 22, 2021",WAS @ LAL,W,37:14,112.2,112.5,-0.3,0.0,0.0,0.0,0.14,0.079,10.0,0.813,0.805,0.112,104.42,0.092
2020-21,0022000464,"Feb 20, 2021",WAS @ POR,W,36:54,121.0,104.8,16.2,0.0,0.0,0.028,0.122,0.082,5.9,0.417,0.548,0.185,106.67,0.084
2020-21,0022000437,"Feb 17, 2021",WAS vs. DEN,W,29:27,121.0,128.6,-7.6,0.143,20.0,0.0,0.16,0.068,0.0,0.5,0.568,0.169,101.86,0.105
2020-21,0022000421,"Feb 15, 2021",WAS vs. HOU,W,36:40,112.8,103.5,9.3,0.097,20.0,0.028,0.174,0.11,6.7,0.5,0.611,0.128,111.93,0.115
2020-21,0022000560,"Feb 14, 2021",WAS vs. BOS,W,22:18,115.4,88.7,26.7,0.063,7.7,0.048,0.12,0.087,7.7,0.556,0.67,0.214,113.0,0.158
2020-21,0022000396,"Feb 12, 2021",WAS vs. NYK,L,32:45,80.0,115.7,-35.7,0.0,0.0,0.0,0.125,0.063,7.7,0.364,0.421,0.176,102.6,0.033
2020-21,0022000382,"Feb 10, 2021",WAS vs. TOR,L,32:18,112.7,124.7,-12.0,0.125,15.0,0.067,0.185,0.123,10.0,0.464,0.504,0.221,107.01,0.071
2020-21,0022000368,"Feb 08, 2021",WAS @ CHI,W,36:19,96.2,96.3,-0.1,0.0,0.0,0.0,0.263,0.12,11.8,0.577,0.625,0.191,104.41,0.132
2020-21,0022000215,"Feb 07, 2021",WAS @ CHA,L,22:55,82.0,142.9,-60.9,0.0,0.0,0.059,0.16,0.102,0.0,0.25,0.363,0.115,103.68,0.063
2020-21,0022000347,"Feb 05, 2021",WAS @ MIA,L,27:00,86.7,130.5,-43.8,0.214,15.8,0.029,0.048,0.036,10.5,0.385,0.432,0.235,105.78,0.041
2020-21,0022000331,"Feb 03, 2021",WAS @ MIA,W,35:24,105.6,100.0,5.6,0.227,21.7,0.083,0.146,0.117,13.0,0.273,0.368,0.225,96.95,0.07
2020-21,0022000559,"Feb 02, 2021",WAS vs. POR,L,34:00,120.6,138.8,-18.2,0.045,6.7,0.034,0.103,0.074,6.7,0.958,0.932,0.189,95.28,0.144
2020-21,0022000310,"Jan 31, 2021",WAS vs. BKN,W,28:39,127.1,133.8,-6.7,0.065,14.3,0.056,0.12,0.082,0.0,0.278,0.387,0.146,115.6,0.03
2020-21,0022000290,"Jan 29, 2021",WAS vs. ATL,L,24:05,107.8,123.5,-15.7,0.077,8.3,0.103,0.105,0.104,8.3,0.389,0.455,0.186,101.63,0.029
2020-21,0022000152,"Jan 11, 2021",WAS vs. PHX,W,28:22,119.3,122.8,-3.5,0.136,23.1,0.0,0.31,0.148,0.0,0.444,0.484,0.152,96.45,0.126
2020-21,0022000136,"Jan 09, 2021",WAS vs. MIA,L,25:48,105.0,98.3,6.7,0.118,10.0,0.029,0.129,0.076,0.0,0.444,0.461,0.277,111.63,0.079
2020-21,0022000124,"Jan 08, 2021",WAS @ BOS,L,37:12,93.8,112.3,-18.6,0.13,17.6,0.026,0.098,0.063,5.9,0.625,0.66,0.163,103.87,0.13
2020-21,0022000109,"Jan 06, 2021",WAS @ PHI,L,24:09,119.3,142.1,-22.8,0.0,0.0,0.0,0.111,0.049,0.0,0.625,0.694,0.095,113.29,0.042
2020-21,0022000086,"Jan 03, 2021",WAS @ BKN,W,33:24,105.2,119.5,-14.3,0.13,17.6,0.023,0.034,0.028,5.9,0.545,0.588,0.165,110.66,0.058
2020-21,0022000074,"Jan 01, 2021",WAS @ MIN,W,19:29,130.2,107.1,23.1,0.118,14.3,0.053,0.158,0.105,7.1,0.375,0.517,0.25,104.7,0.073
2020-21,0022000063,"Dec 31, 2020",WAS vs. CHI,L,25:13,141.2,107.3,33.9,0.158,18.8,0.077,0.143,0.106,12.5,0.75,0.738,0.22,100.86,0.14
2021-22,0022101217,"Apr 10, 2022",WAS @ CHA,L,32:20,111.6,119.7,-8.1,0.091,9.1,0.061,0.074,0.067,0.0,0.5,0.528,0.26,100.21,0.103
2021-22,0022101204,"Apr 08, 2022",WAS vs. NYK,L,28:14,98.2,122.8,-24.6,0.077,6.3,0.0,0.12,0.068,0.0,0.679,0.666,0.259,96.91,0.139
2021-22,0022101192,"Apr 06, 2022",WAS @ ATL,L,31:41,101.5,132.3,-30.8,0.0,0.0,0.033,0.143,0.092,7.1,0.333,0.349,0.189,99.23,0.017
2021-22,0022101184,"Apr 05, 2022",WAS @ MIN,W,37:23,112.8,95.2,17.6,0.121,17.4,0.025,0.103,0.063,4.3,0.633,0.595,0.196,109.14,0.087
2021-22,0022101166,"Apr 03, 2022",WAS @ BOS,L,24:25,88.0,130.6,-42.6,0.0,0.0,0.0,0.304,0.137,16.7,0.0,0.0,0.105,97.31,0.01
2021-22,0022101152,"Apr 01, 2022",WAS vs. DAL,W,28:41,128.3,111.9,16.5,0.2,21.1,0.067,0.13,0.094,0.0,0.679,0.685,0.224,99.57,0.159
2021-22,0022101138,"Mar 30, 2022",WAS vs. ORL,W,28:52,126.6,100.0,26.6,0.13,14.3,0.0,0.179,0.111,9.5,0.5,0.535,0.269,105.59,0.126
2021-22,0022101132,"Mar 29, 2022",WAS vs. CHI,L,30:39,103.2,109.7,-6.5,0.0,0.0,0.04,0.107,0.075,14.3,0.9,0.893,0.219,97.08,0.134
2021-22,0022101117,"Mar 27, 2022",WAS vs. GSW,W,23:52,116.7,120.8,-4.2,0.1,25.0,0.0,0.182,0.089,0.0,0.5,0.5,0.113,96.54,0.057
2021-22,0022101101,"Mar 25, 2022",WAS @ DET,W,26:45,105.3,101.7,3.5,0.063,7.1,0.0,0.172,0.083,7.1,0.458,0.458,0.2,103.18,0.072
2021-22,0022101097,"Mar 24, 2022",WAS @ MIL,L,23:35,87.5,116.3,-28.8,0.0,0.0,0.071,0.227,0.14,0.0,0.455,0.421,0.214,98.73,0.086
2021-22,0022101077,"Mar 21, 2022",WAS @ HOU,L,29:43,101.7,132.8,-31.1,0.143,11.8,0.097,0.2,0.143,11.8,0.615,0.615,0.221,95.3,0.109
2021-22,0022101061,"Mar 19, 2022",WAS vs. LAL,W,25:14,118.5,129.1,-10.6,0.059,9.1,0.0,0.045,0.024,9.1,0.556,0.556,0.185,103.71,0.067
2021-22,0022101050,"Mar 18, 2022",WAS @ NYK,L,20:30,82.9,109.8,-26.8,0.0,0.0,0.0,0.077,0.043,12.5,0.714,0.739,0.19,96.0,0.121
2021-22,0022101035,"Mar 16, 2022",WAS vs. DEN,L,27:05,113.8,128.6,-14.8,0.167,16.7,0.083,0.2,0.143,0.0,0.4,0.4,0.231,101.02,0.083
2021-22,0022101025,"Mar 14, 2022",WAS @ GSW,L,23:11,124.4,135.6,-11.1,0.071,11.1,0.0,0.158,0.075,11.1,0.857,0.857,0.174,93.17,0.107
2021-22,0022101011,"Mar 12, 2022",WAS @ POR,L,17:24,110.8,135.1,-24.3,0.0,0.0,0.0,0.133,0.061,27.3,0.714,0.761,0.256,102.07,0.119
2021-22,0022101004,"Mar 11, 2022",WAS @ LAL,L,25:36,132.7,119.2,13.5,0.056,7.7,0.087,0.154,0.122,0.0,0.636,0.631,0.2,97.5,0.114
2021-22,0022100992,"Mar 09, 2022",WAS @ LAC,L,24:03,120.4,129.2,-8.8,0.067,7.1,0.04,0.111,0.07,7.1,0.75,0.765,0.224,96.8,0.131
2021-22,0022100963,"Mar 06, 2022",WAS vs. IND,W,15:46,117.1,145.7,-28.6,0.0,0.0,0.0,0.375,0.111,0.0,0.3,0.3,0.125,106.55,0.032
2021-22,0022100948,"Mar 04, 2022",WAS vs. ATL,L,25:57,118.4,128.0,-9.6,0.063,7.7,0.0,0.261,0.14,7.7,0.85,0.873,0.226,91.56,0.175
2021-22,0022100926,"Mar 01, 2022",WAS vs. DET,W,20:36,109.5,107.1,2.4,0.0,0.0,0.05,0.0,0.023,0.0,0.611,0.611,0.191,97.86,0.047
2021-22,0022100907,"Feb 26, 2022",WAS @ CLE,L,22:23,90.9,100.0,-9.1,0.083,10.0,0.0,0.038,0.021,10.0,0.625,0.625,0.196,95.43,0.078
2021-22,0022100899,"Feb 25, 2022",WAS vs. SAS,L,19:30,104.7,128.6,-23.9,0.133,22.2,0.0,0.042,0.025,11.1,0.7,0.68,0.146,104.6,0.066
2021-22,0022100464,"Feb 17, 2022",WAS @ BKN,W,27:15,135.8,124.1,11.8,0.048,5.6,0.05,0.0,0.02,5.6,0.6,0.63,0.293,94.24,0.117
2021-22,0022100858,"Feb 14, 2022",WAS vs. DET,W,9:42,110.0,84.2,25.8,0.0,0.0,0.0,0.125,0.056,0.0,0.375,0.521,0.208,96.49,0.115
2021-22,0022100847,"Feb 12, 2022",WAS vs. SAC,L,21:51,100.0,121.7,-21.7,0.0,0.0,0.0,0.105,0.045,15.4,0.545,0.568,0.241,101.07,0.098
2021-22,0022100832,"Feb 10, 2022",WAS vs. BKN,W,21:44,135.0,107.5,27.5,0.235,30.8,0.071,0.12,0.103,7.7,0.75,0.75,0.205,88.32,0.199
2021-22,0022100811,"Feb 07, 2022",WAS vs. MIA,L,26:37,105.4,127.6,-22.2,0.059,8.3,0.042,0.105,0.07,8.3,0.5,0.527,0.18,102.79,0.051
2021-22,0022100798,"Feb 05, 2022",WAS vs. PHX,L,23:57,88.4,84.4,3.9,0.0,0.0,0.036,0.143,0.095,0.0,0.286,0.286,0.14,88.18,0.045
2021-22,0022100774,"Feb 02, 2022",WAS @ PHI,W,19:05,131.4,119.4,12.0,0.071,11.1,0.0,0.095,0.053,11.1,0.75,0.799,0.195,89.29,0.146
2021-22,0022100768,"Feb 01, 2022",WAS @ MIL,L,20:12,97.5,92.9,4.6,0.167,25.0,0.0,0.143,0.079,0.0,0.7,0.68,0.136,97.43,0.112
2021-22,0022100749,"Jan 29, 2022",WAS @ MEM,L,18:20,102.7,114.3,-11.6,0.167,28.6,0.048,0.05,0.049,14.3,0.5,0.5,0.114,94.25,0.057
2021-22,0022100716,"Jan 25, 2022",WAS vs. LAC,L,13:23,96.6,110.3,-13.8,0.333,20.0,0.0,0.143,0.074,20.0,0.583,0.583,0.25,104.01,0.098
2021-22,0022100699,"Jan 23, 2022",WAS vs. BOS,L,19:27,110.5,94.6,15.9,0.154,22.2,0.0,0.292,0.163,0.0,0.5,0.5,0.175,92.54,0.169
2021-22,0022100689,"Jan 21, 2022",WAS vs. TOR,L,19:50,92.1,126.3,-34.2,0.0,0.0,0.0,0.364,0.17,0.0,0.458,0.458,0.279,91.97,0.164
2021-22,0022100669,"Jan 19, 2022",WAS vs. BKN,L,16:45,122.9,105.9,17.0,0.0,0.0,0.045,0.235,0.128,0.0,0.667,0.678,0.233,98.87,0.2
2021-22,0022100656,"Jan 17, 2022",WAS vs. PHI,W,16:09,114.3,115.2,-0.9,0.0,0.0,0.0,0.357,0.172,11.1,0.583,0.709,0.231,101.05,0.167
2021-22,0022100642,"Jan 15, 2022",WAS vs. POR,L,14:34,102.9,87.9,15.1,0.091,14.3,0.0,0.125,0.065,14.3,0.375,0.512,0.162,110.39,0.066
2021-22,0022100620,"Jan 12, 2022",WAS vs. ORL,W,12:27,81.5,77.8,3.7,0.0,0.0,0.0,0.053,0.031,16.7,0.2,0.276,0.214,104.1,-0.022
2021-22,0022100612,"Jan 11, 2022",WAS vs. OKC,W,14:40,93.9,121.2,-27.3,0.1,12.5,0.0,0.133,0.065,12.5,0.6,0.595,0.189,108.05,0.071
2021-22,0022100598,"Jan 09, 2022",WAS @ ORL,W,14:09,78.6,124.1,-45.6,0.25,9.1,0.05,0.133,0.086,0.0,0.25,0.307,0.294,96.68,0.011
2022-23,0022201228,"Apr 09, 2023",LAL vs. UTA,W,23:22,112.2,120.4,-8.2,0.143,11.8,0.077,0.12,0.098,0.0,0.357,0.392,0.278,100.63,0.079
2022-23,0022201212,"Apr 07, 2023",LAL vs. PHX,W,22:47,128.6,95.8,32.7,0.105,20.0,0.105,0.094,0.098,0.0,0.688,0.688,0.145,102.18,0.133
2022-23,0022201196,"Apr 05, 2023",LAL @ LAC,L,17:14,100.0,135.9,-35.9,0.0,0.0,0.067,0.182,0.115,0.0,0.2,0.34,0.146,108.66,0.005
2022-23,0022201186,"Apr 04, 2023",LAL @ UTA,W,25:15,115.5,110.5,5.0,0.053,7.1,0.036,0.2,0.113,7.1,0.682,0.69,0.197,109.31,0.132
2022-23,0022201171,"Apr 02, 2023",LAL @ HOU,W,24:57,135.8,98.0,37.8,0.056,5.9,0.087,0.313,0.218,5.9,0.714,0.672,0.262,100.04,0.208
2022-23,0022201157,"Mar 31, 2023",LAL @ MIN,W,21:15,110.6,69.6,41.1,0.059,14.3,0.045,0.179,0.12,14.3,0.25,0.41,0.105,105.04,0.074
2022-23,0022201140,"Mar 29, 2023",LAL @ CHI,W,16:12,97.1,107.9,-10.8,0.111,12.5,0.071,0.188,0.133,12.5,0.5,0.5,0.184,108.15,0.078
2022-23,0022201106,"Mar 24, 2023",LAL vs. OKC,W,13:52,133.3,125.8,7.5,0.071,33.3,0.0,0.273,0.12,33.3,1.0,1.042,0.057,105.58,0.063
2022-23,0022201092,"Mar 22, 2023",LAL vs. PHX,W,12:55,110.0,117.2,-7.2,0.0,0.0,0.0,0.133,0.074,0.0,0.0,0.0,0.091,109.63,-0.034
2022-23,0022201070,"Mar 19, 2023",LAL vs. ORL,W,18:56,110.5,95.0,15.5,0.111,10.0,0.0,0.185,0.106,0.0,0.444,0.444,0.214,98.87,0.098
2022-23,0022201054,"Mar 17, 2023",LAL vs. DAL,L,16:21,117.6,115.2,2.5,0.0,0.0,0.0,0.083,0.037,0.0,0.833,0.833,0.146,98.35,0.142
2022-23,0022201038,"Mar 15, 2023",LAL @ HOU,L,17:29,86.5,134.3,-47.8,0.0,0.0,0.0,0.0,0.0,16.7,0.5,0.5,0.15,98.84,0.024
2022-23,0022201030,"Mar 14, 2023",LAL @ NOP,W,19:49,128.9,147.4,-18.4,0.0,0.0,0.0,0.091,0.054,11.1,0.714,0.761,0.209,92.02,0.091
2022-23,0022201019,"Mar 12, 2023",LAL vs. NYK,L,27:25,118.2,105.6,12.6,0.0,0.0,0.0,0.1,0.059,0.0,0.667,0.667,0.153,95.41,0.08
2022-23,0022201003,"Mar 10, 2023",LAL vs. TOR,W,19:58,126.7,81.8,44.8,0.071,8.3,0.0,0.136,0.088,16.7,0.833,0.847,0.234,106.98,0.189
2022-23,0022200984,"Mar 07, 2023",LAL vs. MEM,W,27:35,122.6,88.5,34.1,0.0,0.0,0.067,0.125,0.097,0.0,0.682,0.715,0.162,107.02,0.152
2022-23,0022200964,"Mar 05, 2023",LAL vs. GSW,W,20:00,85.0,120.5,-35.5,0.0,0.0,0.0,0.143,0.064,0.0,0.2,0.2,0.102,94.77,0.014
2022-23,0022200955,"Mar 03, 2023",LAL vs. MIN,L,21:38,97.8,123.9,-26.1,0.077,8.3,0.038,0.048,0.043,8.3,0.222,0.304,0.208,100.96,-0.026
2022-23,0022200940,"Mar 01, 2023",LAL @ OKC,W,27:00,126.8,123.2,3.6,0.118,22.2,0.115,0.207,0.164,0.0,0.583,0.654,0.106,99.54,0.14
2022-23,0022200927,"Feb 28, 2023",LAL @ MEM,L,19:44,100.0,115.2,-15.2,0.083,10.0,0.056,0.129,0.102,10.0,0.5,0.571,0.176,111.89,0.11
2022-23,0022200913,"Feb 26, 2023",LAL @ DAL,W,11:12,68.2,128.0,-59.8,0.0,0.0,0.0,0.154,0.074,0.0,0.2,0.2,0.2,100.68,0.0
2022-23,0022200893,"Feb 23, 2023",LAL vs. GSW,W,25:29,112.5,105.4,7.1,0.111,14.3,0.0,0.031,0.018,7.1,0.556,0.651,0.211,105.48,0.103
2022-23,0022200882,"Feb 15, 2023",LAL vs. NOP,W,15:34,118.9,97.3,21.6,0.0,0.0,0.0,0.235,0.111,14.3,0.333,0.333,0.175,114.07,0.03
2022-23,0022200867,"Feb 13, 2023",LAL @ POR,L,21:51,100.0,106.4,-6.4,0.056,8.3,0.148,0.107,0.127,16.7,0.375,0.45,0.19,105.45,0.074
2022-23,0022200853,"Feb 11, 2023",LAL @ GSW,W,31:07,109.2,89.4,19.8,0.053,8.3,0.0,0.167,0.096,0.0,0.636,0.673,0.153,101.06,0.174
2022-23,0022200834,"Feb 09, 2023",LAL vs. MIL,L,32:08,104.2,116.4,-12.3,0.037,8.3,0.027,0.125,0.078,0.0,0.333,0.372,0.141,108.3,0.041
2022-23,0022200821,"Feb 07, 2023",LAL vs. OKC,L,26:26,93.3,115.5,-22.2,0.0,0.0,0.04,0.192,0.118,10.0,0.786,0.799,0.156,107.14,0.133
2022-23,0022200798,"Feb 04, 2023",LAL @ NOP,L,18:55,131.9,127.7,4.3,0.0,0.0,0.15,0.1,0.125,0.0,0.357,0.457,0.167,119.26,0.057
2022-23,0022200778,"Feb 02, 2023",LAL @ IND,W,28:19,100.0,104.8,-4.8,0.0,0.0,0.054,0.233,0.134,0.0,0.333,0.339,0.135,105.94,0.052
2022-23,0022200765,"Jan 31, 2023",LAL @ NYK,W,40:26,114.6,111.1,3.5,0.0,0.0,0.083,0.128,0.108,0.0,0.75,0.738,0.14,96.77,0.114
2022-23,0022200757,"Jan 30, 2023",LAL @ BKN,L,27:48,103.4,122.0,-18.6,0.063,5.6,0.054,0.071,0.062,5.6,0.5,0.512,0.239,101.87,0.074
2022-23,0022200749,"Jan 28, 2023",LAL @ BOS,L,23:39,106.4,91.7,14.7,0.059,11.1,0.0,0.182,0.085,0.0,0.375,0.375,0.151,96.38,0.057
2022-23,0022200729,"Jan 25, 2023",LAL vs. SAS,W,21:31,114.0,81.6,32.4,0.063,9.1,0.037,0.128,0.091,0.0,0.643,0.622,0.161,110.43,0.166
2022-23,0022200693,"Jan 21, 2023",WAS vs. ORL,W,29:59,130.3,98.5,31.8,0.0,0.0,0.0,0.147,0.078,0.0,0.659,0.656,0.315,106.46,0.181
2022-23,0022200669,"Jan 18, 2023",WAS @ NYK,W,19:43,115.4,127.5,-12.1,0.077,11.1,0.0,0.043,0.022,11.1,0.0,0.0,0.163,96.14,-0.114
2022-23,0022200660,"Jan 16, 2023",WAS vs. GSW,L,26:15,108.5,124.1,-15.7,0.133,16.7,0.0,0.038,0.019,8.3,0.889,0.889,0.156,106.97,0.116
2022-23,0022200634,"Jan 13, 2023",WAS vs. NYK,L,24:41,123.5,105.7,17.9,0.059,6.7,0.032,0.097,0.065,0.0,0.321,0.321,0.226,101.12,0.052
2022-23,0022200619,"Jan 11, 2023",WAS vs. CHI,W,20:01,86.8,112.5,-25.7,0.0,0.0,0.042,0.211,0.116,8.3,0.333,0.465,0.255,93.52,0.132
2022-23,0022200605,"Jan 09, 2023",WAS vs. NOP,L,27:29,100.0,137.3,-37.3,0.05,7.1,0.0,0.103,0.058,7.1,0.375,0.375,0.203,103.04,0.02
2022-23,0022200584,"Jan 06, 2023",WAS @ OKC,L,18:42,90.2,126.8,-36.6,0.083,7.7,0.0,0.0,0.0,23.1,0.222,0.265,0.25,105.24,-0.078
2022-23,0022200561,"Jan 03, 2023",WAS @ MIL,L,24:54,109.1,116.1,-7.0,0.111,14.3,0.033,0.071,0.052,7.1,0.55,0.551,0.182,106.99,0.064
2022-23,0022200548,"Jan 01, 2023",WAS @ MIL,W,31:53,114.3,89.9,24.4,0.136,13.0,0.0,0.087,0.053,4.3,0.694,0.673,0.256,104.63,0.174
2022-23,0022200529,"Dec 30, 2022",WAS @ ORL,W,29:06,95.5,89.6,5.9,0.063,5.0,0.0,0.163,0.106,15.0,0.464,0.508,0.275,109.69,0.097
2022-23,0022200516,"Dec 28, 2022",WAS vs. PHX,W,27:42,153.7,118.5,35.2,0.056,5.9,0.176,0.061,0.1,0.0,0.885,0.908,0.254,93.57,0.234
2022-23,0022200506,"Dec 27, 2022",WAS vs. PHI,W,21:23,119.1,110.6,8.5,0.0,0.0,0.042,0.0,0.027,0.0,0.5,0.595,0.218,105.5,0.094
2022-23,0022200491,"Dec 23, 2022",WAS @ SAC,W,26:56,115.5,105.2,10.3,0.222,20.0,0.0,0.179,0.094,5.0,0.7,0.7,0.254,103.37,0.181
2022-23,0022200478,"Dec 22, 2022",WAS @ UTA,L,23:35,96.2,105.9,-9.7,0.059,16.7,0.0,0.292,0.159,16.7,0.75,0.788,0.094,104.82,0.138
2022-23,0022200224,"Nov 18, 2022",WAS vs. MIA,W,28:25,100.0,106.9,-6.9,0.188,20.0,0.031,0.226,0.127,6.7,0.591,0.591,0.182,99.66,0.136
2022-23,0022200213,"Nov 16, 2022",WAS vs. OKC,L,17:41,100.0,116.2,-16.2,0.2,20.0,0.0,0.071,0.034,0.0,0.875,0.875,0.186,104.51,0.231
2022-23,0022200194,"Nov 13, 2022",WAS vs. MEM,W,15:27,112.5,100.0,12.5,0.091,12.5,0.0,0.118,0.053,0.0,0.214,0.214,0.179,97.86,-0.017
2022-23,0022200185,"Nov 12, 2022",WAS vs. UTA,W,28:32,107.8,121.9,-14.1,0.053,7.1,0.0,0.143,0.07,7.1,0.458,0.458,0.188,107.66,0.049
2022-23,0022200172,"Nov 10, 2022",WAS vs. DAL,W,25:50,114.0,78.9,35.1,0.0,0.0,0.0,0.25,0.14,21.1,0.714,0.751,0.311,105.93,0.201
2022-23,0022200144,"Nov 07, 2022",WAS @ CHA,W,26:18,107.3,87.5,19.8,0.0,0.0,0.0,0.088,0.051,11.8,0.5,0.531,0.27,101.29,0.093
2022-23,0022200142,"Nov 06, 2022",WAS @ MEM,L,22:17,120.0,122.7,-2.7,0.0,0.0,0.04,0.083,0.061,7.7,0.625,0.603,0.25,95.86,0.084
2022-23,0022200123,"Nov 04, 2022",WAS vs. BKN,L,17:41,72.2,133.3,-61.1,0.0,0.0,0.0,0.133,0.056,16.7,0.2,0.2,0.143,97.72,-0.019
2022-23,0022200108,"Nov 02, 2022",WAS @ PHI,W,32:53,125.8,101.5,24.3,0.16,22.2,0.077,0.216,0.159,5.6,0.385,0.385,0.192,97.8,0.094
2022-23,0022200097,"Oct 31, 2022",WAS vs. PHI,L,17:55,64.1,113.2,-49.1,0.0,0.0,0.059,0.313,0.182,18.2,0.444,0.506,0.268,103.14,0.19
2022-23,0022200089,"Oct 30, 2022",WAS @ BOS,L,22:28,75.0,115.2,-40.2,0.333,17.6,0.086,0.25,0.153,5.9,0.458,0.472,0.241,100.42,0.172
2022-23,0022200074,"Oct 28, 2022",WAS vs. IND,L,24:59,100.0,135.7,-35.7,0.0,0.0,0.042,0.174,0.106,9.1,0.429,0.519,0.18,108.55,0.053
2022-23,0022200052,"Oct 25, 2022",WAS vs. DET,W,26:48,105.6,114.8,-9.3,0.056,9.1,0.0,0.129,0.073,9.1,0.5,0.563,0.169,96.72,0.113
2022-23,0022200039,"Oct 23, 2022",WAS @ CLE,L,20:19,112.8,122.5,-9.7,0.083,7.1,0.063,0.111,0.088,7.1,0.667,0.667,0.302,93.32,0.15
2022-23,0022200019,"Oct 21, 2022",WAS vs. CHI,W,23:60,77.6,114.6,-37.0,0.083,7.1,0.043,0.136,0.089,14.3,0.444,0.558,0.236,97.01,0.123
2022-23,0022200004,"Oct 19, 2022",WAS @ IND,W,24:00,86.5,98.1,-11.5,0.0,0.0,0.036,0.133,0.086,30.0,0.5,0.5,0.161,104.0,0.042
2023-24,0022301195,"Apr 14, 2024",LAL @ NOP,W,34:16,119.2,106.9,12.2,0.138,26.7,0.037,0.188,0.119,6.7,0.55,0.55,0.143,101.56,0.099
2023-24,0022301177,"Apr 12, 2024",LAL @ MEM,W,29:10,108.1,135.5,-27.4,0.056,11.1,0.074,0.1,0.088,11.1,1.0,1.017,0.114,102.03,0.136
2023-24,0022301155,"Apr 09, 2024",LAL vs. GSW,L,30:52,115.2,124.2,-9.1,0.1,8.0,0.057,0.333,0.177,0.0,0.381,0.439,0.307,102.63,0.116
2023-24,0022301143,"Apr 07, 2024",LAL vs. MIN,L,36:00,122.1,120.8,1.3,0.048,5.0,0.067,0.125,0.097,0.0,0.765,0.8,0.229,102.67,0.141
2023-24,0022301127,"Apr 06, 2024",LAL vs. CLE,W,27:07,89.3,101.8,-12.5,0.0,0.0,0.0,0.161,0.093,9.1,0.389,0.354,0.183,99.13,0.033
2023-24,0022301103,"Apr 03, 2024",LAL @ WAS,W,27:28,127.0,95.2,31.8,0.043,6.7,0.083,0.172,0.132,13.3,0.792,0.764,0.2,109.22,0.136
2023-24,0022301094,"Apr 02, 2024",LAL @ TOR,W,25:53,128.1,117.5,10.5,0.16,30.8,0.045,0.111,0.082,0.0,0.778,0.778,0.145,105.71,0.139
2023-24,0022301078,"Mar 31, 2024",LAL @ BKN,W,37:23,123.1,111.5,11.5,0.154,22.2,0.077,0.186,0.145,0.0,0.708,0.727,0.167,100.15,0.147
2023-24,0022301063,"Mar 29, 2024",LAL @ IND,L,31:17,93.8,115.4,-21.6,0.0,0.0,0.0,0.0,0.0,0.0,0.6,0.643,0.162,98.97,0.051
2023-24,0022301055,"Mar 27, 2024",LAL @ MEM,W,35:37,139.7,93.7,46.1,0.04,5.9,0.0,0.222,0.135,0.0,1.036,1.015,0.19,105.79,0.227
2023-24,0022301045,"Mar 26, 2024",LAL @ MIL,W,38:39,100.0,108.8,-8.8,0.056,5.9,0.089,0.192,0.144,5.9,0.5,0.538,0.168,99.97,0.122
2023-24,0022301032,"Mar 24, 2024",LAL vs. IND,W,30:23,139.4,128.4,11.0,0.037,11.1,0.0,0.139,0.082,0.0,0.563,0.563,0.116,105.06,0.061
2023-24,0022301018,"Mar 22, 2024",LAL vs. PHI,W,24:25,100.0,107.7,-7.7,0.077,6.7,0.04,0.207,0.13,6.7,0.45,0.554,0.246,100.26,0.109
2023-24,0022300990,"Mar 18, 2024",LAL vs. ATL,W,25:55,144.4,103.6,40.8,0.043,9.1,0.0,0.088,0.056,0.0,0.75,0.781,0.179,100.94,0.102
2023-24,0022300973,"Mar 16, 2024",LAL vs. GSW,L,29:31,121.3,130.0,-8.7,0.083,16.7,0.0,0.148,0.074,0.0,0.7,0.7,0.147,98.38,0.091
2023-24,0022300954,"Mar 13, 2024",LAL @ SAC,L,35:53,108.3,118.3,-10.0,0.05,7.1,0.034,0.056,0.046,14.3,0.909,0.909,0.171,95.65,0.113
2023-24,0022300932,"Mar 10, 2024",LAL vs. MIN,W,23:51,121.2,115.4,5.8,0.167,20.0,0.05,0.038,0.043,6.7,0.65,0.689,0.203,104.65,0.101
2023-24,0022300915,"Mar 08, 2024",LAL vs. MIL,W,38:02,126.0,128.6,-2.6,0.065,10.5,0.0,0.135,0.068,0.0,0.344,0.355,0.205,97.18,0.032
2023-24,0022300901,"Mar 06, 2024",LAL vs. SAC,L,32:39,115.3,119.4,-4.2,0.0,0.0,0.0,0.067,0.035,0.0,0.853,0.853,0.23,105.85,0.17
2023-24,0022300884,"Mar 04, 2024",LAL vs. OKC,W,21:35,108.7,121.3,-12.6,0.063,8.3,0.067,0.0,0.026,16.7,0.438,0.394,0.224,103.45,-0.035
2023-24,0022300869,"Mar 02, 2024",LAL vs. DEN,L,36:49,113.7,131.5,-17.8,0.083,11.8,0.0,0.1,0.048,0.0,0.767,0.767,0.195,95.17,0.103
2023-24,0022300856,"Feb 29, 2024",LAL vs. WAS,W,35:08,123.6,117.1,6.5,0.032,8.3,0.059,0.139,0.1,0.0,0.364,0.364,0.138,96.99,0.039
2023-24,0022300848,"Feb 28, 2024",LAL @ LAC,W,29:27,113.1,113.3,-0.2,0.0,0.0,0.04,0.034,0.037,11.8,0.567,0.567,0.258,98.61,0.06
2023-24,0022300818,"Feb 25, 2024",LAL @ PHX,L,26:06,112.7,125.5,-12.7,0.0,0.0,0.0,0.148,0.08,0.0,0.667,0.689,0.155,101.15,0.078
2023-24,0022300813,"Feb 23, 2024",LAL vs. SAS,W,31:37,117.1,114.3,2.9,0.0,0.0,0.029,0.154,0.096,8.3,0.773,0.773,0.146,106.28,0.113
2023-24,0022300802,"Feb 22, 2024",LAL @ GSW,L,32:00,91.7,132.4,-40.7,0.043,9.1,0.028,0.081,0.055,9.1,0.438,0.45,0.128,107.23,0.04
2023-24,0022300788,"Feb 14, 2024",LAL @ UTA,W,33:38,145.8,109.6,36.2,0.04,4.5,0.0,0.056,0.031,0.0,0.842,0.849,0.259,103.47,0.177
2023-24,0022300776,"Feb 13, 2024",LAL vs. DET,W,30:05,124.6,103.0,21.6,0.095,14.3,0.071,0.075,0.074,0.0,0.7,0.638,0.169,104.51,0.097
2023-24,0022300747,"Feb 09, 2024",LAL vs. NOP,W,36:51,143.8,120.5,23.2,0.031,6.7,0.0,0.143,0.078,0.0,0.769,0.756,0.163,102.9,0.094
2023-24,0022300740,"Feb 08, 2024",LAL vs. DEN,L,37:31,103.9,118.2,-14.2,0.0,0.0,0.024,0.071,0.048,16.7,0.2,0.2,0.069,97.88,-0.006
2023-24,0022300713,"Feb 05, 2024",LAL @ CHA,W,29:13,114.7,110.8,3.9,0.0,0.0,0.045,0.138,0.098,0.0,0.75,0.75,0.083,109.25,0.072
2023-24,0022300701,"Feb 03, 2024",LAL @ NYK,W,19:28,105.1,100.0,5.1,0.077,12.5,0.0,0.154,0.087,12.5,0.6,0.595,0.167,94.93,0.079
2023-24,0022300684,"Feb 01, 2024",LAL @ BOS,W,33:08,113.0,108.8,4.2,0.2,19.0,0.05,0.167,0.105,9.5,0.464,0.504,0.213,99.26,0.084
2023-24,0022300669,"Jan 30, 2024",LAL @ ATL,L,23:29,123.5,146.9,-23.4,0.0,0.0,0.111,0.1,0.105,7.7,0.727,0.673,0.232,102.2,0.108
2023-24,0022300662,"Jan 29, 2024",LAL @ HOU,L,22:17,101.8,101.8,0.0,0.059,10.0,0.0,0.238,0.109,0.0,1.0,0.939,0.161,118.47,0.194
2023-24,0022300650,"Jan 27, 2024",LAL @ GSW,W,17:51,115.8,97.4,18.4,0.0,0.0,0.0,0.148,0.098,16.7,1.125,1.127,0.15,103.53,0.191
2023-24,0022300633,"Jan 25, 2024",LAL vs. CHI,W,19:21,145.2,142.5,2.7,0.111,28.6,0.0,0.2,0.115,14.3,1.333,1.289,0.114,101.71,0.11
2023-24,0022300618,"Jan 23, 2024",LAL @ LAC,L,29:44,115.6,130.2,-14.5,0.091,20.0,0.034,0.087,0.058,0.0,0.688,0.688,0.108,102.49,0.081
2023-24,0022300605,"Jan 21, 2024",LAL vs. POR,W,22:48,142.2,106.5,35.7,0.105,16.7,0.048,0.04,0.043,8.3,0.357,0.489,0.189,95.79,0.043
2023-24,0022300591,"Jan 19, 2024",LAL vs. BKN,L,15:28,121.9,125.0,-3.1,0.071,12.5,0.063,0.063,0.063,12.5,0.0,0.0,0.189,99.31,-0.053
2023-24,0022300577,"Jan 17, 2024",LAL vs. DAL,W,22:05,93.6,97.8,-4.2,0.077,12.5,0.036,0.13,0.078,0.0,0.417,0.436,0.127,101.07,0.087
2023-24,0022300565,"Jan 15, 2024",LAL vs. OKC,W,20:09,107.5,88.1,19.4,0.0,0.0,0.059,0.087,0.075,11.1,0.75,0.75,0.2,97.67,0.136
2023-24,0022300549,"Jan 13, 2024",LAL @ UTA,L,18:42,116.7,90.2,26.4,0.083,6.3,0.05,0.08,0.067,0.0,0.5,0.581,0.319,106.52,0.18
2023-24,0022300446,"Dec 31, 2023",LAL @ NOP,L,7:36,127.8,158.8,-31.0,0.125,25.0,0.0,0.167,0.091,25.0,1.0,1.064,0.167,110.53,0.101
2023-24,0022300443,"Dec 30, 2023",LAL @ MIN,L,17:03,94.4,125.0,-30.6,0.0,0.0,0.048,0.0,0.029,0.0,0.25,0.296,0.2,101.35,-0.007
2023-24,0022300428,"Dec 28, 2023",LAL vs. CHA,W,28:00,142.9,90.3,52.5,0.038,7.7,0.0,0.133,0.078,0.0,0.583,0.638,0.179,107.14,0.11
2023-24,0022300403,"Dec 25, 2023",LAL vs. BOS,L,29:03,124.6,116.4,8.2,0.0,0.0,0.0,0.097,0.052,6.7,0.429,0.429,0.221,100.79,0.021
2023-24,0022300397,"Dec 23, 2023",LAL @ OKC,W,29:35,125.4,127.9,-2.5,0.095,11.8,0.0,0.182,0.105,0.0,0.679,0.706,0.217,100.6,0.146
2023-24,0022300380,"Dec 21, 2023",LAL @ MIN,L,33:30,105.7,115.9,-10.2,0.0,0.0,0.03,0.094,0.062,12.5,0.667,0.615,0.203,99.58,0.059
2023-24,0022300370,"Dec 20, 2023",LAL @ CHI,L,15:49,81.3,108.6,-27.3,0.125,10.0,0.176,0.2,0.185,0.0,0.278,0.278,0.25,101.66,0.041
2023-24,0022300359,"Dec 18, 2023",LAL vs. NYK,L,17:18,92.3,118.4,-26.1,0.0,0.0,0.1,0.0,0.059,0.0,0.583,0.621,0.14,106.82,0.108
2023-24,0022300331,"Dec 15, 2023",LAL @ SAS,L,34:09,118.3,120.3,-2.0,0.182,19.0,0.0,0.125,0.064,0.0,0.533,0.581,0.218,98.39,0.122
2023-24,0022300316,"Dec 13, 2023",LAL @ SAS,W,24:13,103.4,79.3,24.1,0.056,7.1,0.0,0.2,0.121,21.4,0.65,0.65,0.203,115.96,0.119
2023-24,0022300306,"Dec 12, 2023",LAL @ DAL,L,28:31,127.6,132.8,-5.2,0.077,16.7,0.0,0.107,0.059,8.3,0.389,0.389,0.152,97.63,0.021
2023-24,0022301230,"Dec 07, 2023",LAL vs. NOP,W,21:21,129.2,110.4,18.8,0.111,16.7,0.0,0.038,0.021,0.0,0.611,0.607,0.196,107.92,0.06
2023-24,0022301203,"Dec 05, 2023",LAL vs. PHX,W,21:26,116.7,104.8,11.9,0.077,11.1,0.0,0.118,0.047,0.0,0.438,0.438,0.157,94.06,0.058
2023-24,0022300238,"Nov 22, 2023",LAL vs. DAL,L,25:48,101.9,117.3,-15.4,0.056,7.7,0.071,0.03,0.049,7.7,0.409,0.409,0.2,96.74,0.01
2023-24,0022300042,"Nov 21, 2023",LAL vs. UTA,W,28:27,123.4,92.1,31.4,0.037,6.3,0.095,0.108,0.103,6.3,0.385,0.432,0.214,107.14,0.04
2023-24,0022300216,"Nov 19, 2023",LAL vs. HOU,W,32:09,109.1,112.1,-3.0,0.091,12.5,0.037,0.107,0.073,12.5,0.4,0.468,0.187,98.54,0.074
2023-24,0022300036,"Nov 17, 2023",LAL @ POR,W,27:40,101.8,85.7,16.1,0.1,28.6,0.036,0.121,0.082,0.0,0.7,0.7,0.078,97.16,0.121
2023-24,0022300198,"Nov 15, 2023",LAL vs. SAC,L,17:48,90.5,104.9,-14.4,0.0,0.0,0.0,0.0,0.0,0.0,0.5,0.5,0.119,111.91,0.028
2023-24,0022300026,"Nov 14, 2023",LAL vs. MEM,W,23:50,116.0,102.0,14.0,0.0,0.0,0.0,0.103,0.067,29.4,0.95,0.978,0.309,101.71,0.163
2023-24,0022300187,"Nov 12, 2023",LAL vs. POR,W,32:58,123.9,100.0,23.9,0.074,12.5,0.033,0.133,0.083,6.3,0.65,0.752,0.184,103.38,0.13
2023-24,0022300015,"Nov 10, 2023",LAL @ PHX,W,20:27,126.8,112.2,14.6,0.067,12.5,0.0,0.13,0.075,12.5,0.583,0.543,0.156,96.23,0.087
2023-24,0022300163,"Nov 08, 2023",LAL @ HOU,L,25:34,101.9,128.3,-26.5,0.2,10.5,0.033,0.25,0.138,0.0,0.733,0.698,0.293,100.44,0.253
2023-24,0022300100,"Oct 29, 2023",LAL @ SAC,L,17:16,125.0,105.1,19.9,0.083,11.1,0.105,0.167,0.14,0.0,0.667,0.709,0.17,109.81,0.145
2023-24,0022300076,"Oct 26, 2023",LAL vs. PHX,W,12:29,62.1,114.8,-52.7,0.0,0.0,0.0,0.0,0.0,20.0,0.833,0.902,0.161,107.66,0.11
2023-24,0022300061,"Oct 24, 2023",LAL @ DEN,L,14:38,75.0,103.2,-28.2,0.0,0.0,0.095,0.063,0.081,0.0,0.3,0.3,0.244,103.28,-0.019
2024-25,0022401185,"Apr 11, 2025",LAL vs. HOU,W,31:59,126.0,106.9,19.1,0.034,9.1,0.0,0.172,0.094,0.0,0.813,0.82,0.132,108.81,0.108
2024-25,0022401159,"Apr 09, 2025",LAL @ DAL,W,37:30,129.7,102.7,27.0,0.063,14.3,0.0,0.069,0.029,7.1,0.65,0.689,0.133,94.08,0.073
2024-25,0022401135,"Apr 06, 2025",LAL @ OKC,W,31:40,112.9,98.4,14.5,0.048,8.3,0.074,0.147,0.115,8.3,0.5,0.527,0.157,94.74,0.081
2024-25,0022401117,"Apr 03, 2025",LAL vs. GSW,L,33:43,124.2,123.9,0.4,0.15,14.3,0.083,0.094,0.088,4.8,0.7,0.716,0.228,94.67,0.145
2024-25,0022401096,"Mar 31, 2025",LAL vs. HOU,W,30:48,92.2,95.2,-3.0,0.0,0.0,0.0,0.067,0.032,0.0,0.35,0.35,0.147,98.19,0.026
2024-25,0022401078,"Mar 29, 2025",LAL @ MEM,W,28:28,119.4,126.2,-6.9,0.0,0.0,0.0,0.103,0.052,0.0,0.813,0.813,0.119,103.7,0.084
2024-25,0022401055,"Mar 26, 2025",LAL @ IND,W,27:54,128.1,129.3,-1.2,0.045,12.5,0.0,0.167,0.093,12.5,1.2,1.19,0.117,98.95,0.1
2024-25,0022401038,"Mar 24, 2025",LAL @ ORL,L,23:59,115.6,126.2,-10.6,0.0,0.0,0.053,0.087,0.071,16.7,0.5,0.512,0.118,87.07,0.037
2024-25,0022401028,"Mar 22, 2025",LAL vs. CHI,L,17:55,128.9,135.9,-7.0,0.0,0.0,0.0,0.095,0.051,0.0,0.417,0.417,0.13,103.14,0.044
2024-25,0022400849,"Feb 27, 2025",LAL vs. MIN,W,18:27,137.8,81.1,56.8,0.118,25.0,0.059,0.1,0.081,0.0,0.417,0.417,0.133,96.26,0.071
2024-25,0022400835,"Feb 25, 2025",LAL vs. DAL,W,38:26,123.1,98.7,24.4,0.0,0.0,0.028,0.098,0.069,7.1,0.583,0.582,0.157,97.41,0.077
2024-25,0022400808,"Feb 22, 2025",LAL @ DEN,W,35:47,122.1,105.3,16.8,0.154,22.2,0.0,0.0,0.0,0.0,0.75,0.763,0.167,102.62,0.106
2024-25,0022400796,"Feb 20, 2025",LAL @ POR,W,35:03,101.3,103.9,-2.7,0.043,11.1,0.129,0.222,0.179,11.1,0.429,0.429,0.092,105.46,0.077
2024-25,0022400524,"Feb 19, 2025",LAL vs. CHA,L,39:19,100.0,100.0,0.0,0.12,13.6,0.043,0.14,0.09,4.5,0.469,0.479,0.2,101.94,0.102
2024-25,0022400781,"Feb 12, 2025",LAL @ UTA,L,30:06,107.2,136.4,-29.1,0.059,5.9,0.0,0.103,0.048,5.9,0.633,0.615,0.205,107.64,0.091
2024-25,0022400768,"Feb 10, 2025",LAL vs. UTA,W,29:07,125.0,98.5,26.5,0.0,0.0,0.077,0.121,0.102,6.3,0.679,0.706,0.229,106.33,0.124
2024-25,0022400742,"Feb 08, 2025",LAL vs. IND,W,33:06,120.8,113.7,7.1,0.0,0.0,0.029,0.216,0.127,5.9,0.692,0.767,0.2,105.14,0.162
2024-25,0022400731,"Feb 06, 2025",LAL vs. GSW,W,38:43,121.4,105.9,15.5,0.103,21.4,0.0,0.08,0.048,0.0,0.5,0.511,0.121,104.76,0.047
2024-25,0022400715,"Feb 04, 2025",LAL @ LAC,W,33:56,129.4,107.4,22.1,0.077,11.8,0.065,0.108,0.088,0.0,0.643,0.672,0.2,96.19,0.098
2024-25,0022400692,"Feb 01, 2025",LAL @ NYK,W,38:21,139.0,117.5,21.5,0.065,12.5,0.0,0.07,0.043,6.3,0.792,0.815,0.173,98.25,0.111
2024-25,0022400674,"Jan 30, 2025",LAL @ WAS,W,25:33,135.8,91.1,44.8,0.0,0.0,0.0,0.108,0.068,7.7,0.917,0.917,0.228,102.39,0.205
2024-25,0022400660,"Jan 28, 2025",LAL @ PHI,L,24:04,110.0,128.6,-18.6,0.063,9.1,0.0,0.083,0.05,9.1,0.722,0.722,0.192,98.73,0.082
2024-25,0022400629,"Jan 23, 2025",LAL vs. BOS,W,27:49,121.4,101.8,19.6,0.1,16.7,0.067,0.147,0.109,0.0,0.444,0.506,0.156,95.77,0.101
2024-25,0022400610,"Jan 21, 2025",LAL vs. WAS,W,26:21,103.6,77.6,26.0,0.0,0.0,0.0,0.132,0.077,0.0,0.4,0.414,0.177,103.83,0.061
2024-25,0022400596,"Jan 19, 2025",LAL @ LAC,L,33:09,107.5,125.0,-17.5,0.05,6.7,0.036,0.188,0.117,0.0,0.679,0.658,0.194,97.75,0.118
2024-25,0022400585,"Jan 17, 2025",LAL vs. BKN,W,32:18,107.8,104.8,3.1,0.182,26.7,0.086,0.103,0.094,6.7,0.45,0.479,0.155,94.37,0.091
2024-25,0022400570,"Jan 15, 2025",LAL vs. MIA,W,33:16,128.4,113.4,14.9,0.04,5.0,0.067,0.231,0.143,10.0,0.667,0.686,0.26,96.67,0.125
2024-25,0022400552,"Jan 13, 2025",LAL vs. SAS,L,29:34,105.0,133.9,-28.9,0.048,12.5,0.0,0.125,0.058,12.5,0.75,0.75,0.101,96.6,0.072
2024-25,0022400504,"Jan 07, 2025",LAL @ DAL,L,25:51,100.0,117.6,-17.6,0.133,25.0,0.04,0.0,0.021,12.5,0.6,0.6,0.109,95.63,0.046
2024-25,0022400491,"Jan 05, 2025",LAL @ HOU,L,28:01,123.6,118.5,5.1,0.0,0.0,0.038,0.0,0.016,9.1,0.722,0.658,0.177,93.36,0.039
2024-25,0022400477,"Jan 03, 2025",LAL vs. ATL,W,24:29,125.5,103.8,21.6,0.059,9.1,0.143,0.156,0.151,9.1,0.722,0.689,0.161,100.97,0.141
2024-25,0022400468,"Jan 02, 2025",LAL vs. POR,W,23:24,129.2,127.5,1.7,0.15,25.0,0.048,0.15,0.098,16.7,0.333,0.436,0.173,101.54,0.043
2024-25,0022400454,"Dec 31, 2024",LAL vs. CLE,L,30:23,96.9,119.7,-22.8,0.0,0.0,0.086,0.063,0.075,8.3,0.3,0.322,0.169,102.69,0.01
2024-25,0022400435,"Dec 28, 2024",LAL vs. SAC,W,34:15,119.7,122.9,-3.1,0.0,0.0,0.0,0.111,0.065,7.7,0.818,0.852,0.178,98.83,0.132
2024-25,0022400408,"Dec 25, 2024",LAL @ GSW,W,39:06,118.8,123.5,-4.7,0.036,7.1,0.024,0.083,0.052,7.1,0.708,0.723,0.146,98.82,0.065
2024-25,0022400404,"Dec 23, 2024",LAL vs. DET,L,28:37,112.1,120.7,-8.6,0.05,8.3,0.0,0.04,0.022,8.3,0.375,0.512,0.177,97.27,0.045
2024-25,0022400376,"Dec 21, 2024",LAL @ SAC,W,38:23,96.4,88.6,7.8,0.038,11.1,0.077,0.174,0.129,0.0,0.563,0.563,0.088,101.29,0.106
2024-25,0022400372,"Dec 19, 2024",LAL @ SAC,W,36:34,108.3,84.3,24.0,0.071,11.8,0.026,0.105,0.066,23.5,0.389,0.465,0.161,109.61,0.033
2024-25,0022401220,"Dec 15, 2024",LAL vs. MEM,W,37:43,110.2,94.4,15.8,0.032,8.3,0.024,0.106,0.068,25.0,0.4,0.524,0.112,112.63,0.023
2024-25,0022401210,"Dec 13, 2024",LAL @ MIN,L,39:14,78.2,101.3,-23.1,0.15,15.0,0.042,0.111,0.075,15.0,0.308,0.324,0.185,95.43,0.045
2024-25,0022400358,"Dec 08, 2024",LAL vs. POR,W,38:56,123.4,83.1,40.3,0.08,11.8,0.029,0.091,0.063,5.9,0.808,0.829,0.179,94.93,0.184
2024-25,0022400334,"Dec 06, 2024",LAL @ ATL,L,40:36,123.9,120.9,2.9,0.026,14.3,0.061,0.179,0.125,0.0,1.0,1.0,0.062,102.86,0.105
2024-25,0022400321,"Dec 04, 2024",LAL @ MIA,L,26:28,88.9,136.4,-47.5,0.071,11.1,0.0,0.136,0.06,11.1,0.929,0.941,0.133,98.84,0.118
2024-25,0022400318,"Dec 02, 2024",LAL @ MIN,L,29:03,87.9,110.7,-22.8,0.118,20.0,0.036,0.111,0.073,20.0,0.8,0.85,0.123,94.18,0.12
2024-25,0022400311,"Dec 01, 2024",LAL @ UTA,W,40:25,111.7,112.8,-1.1,0.103,20.0,0.071,0.114,0.091,0.0,0.545,0.547,0.138,92.04,0.073
2024-25,0022400048,"Nov 29, 2024",LAL vs. OKC,L,30:15,105.3,119.3,-14.0,0.118,20.0,0.12,0.061,0.086,10.0,0.571,0.571,0.127,90.45,0.088
2024-25,0022400296,"Nov 27, 2024",LAL @ SAS,W,25:51,109.6,111.5,-1.9,0.118,15.4,0.077,0.125,0.1,0.0,0.667,0.743,0.18,96.56,0.139
2024-25,0022400039,"Nov 26, 2024",LAL @ PHX,L,23:08,100.0,123.5,-23.5,0.059,11.1,0.0,0.045,0.023,0.0,0.438,0.438,0.14,107.9,0.026
2024-25,0022400270,"Nov 23, 2024",LAL vs. DEN,L,22:27,97.8,121.3,-23.5,0.231,30.0,0.043,0.063,0.051,0.0,0.714,0.714,0.146,98.35,0.114
2024-25,0022400225,"Nov 13, 2024",LAL vs. MEM,W,35:47,123.1,115.6,7.5,0.12,23.1,0.1,0.095,0.097,7.7,1.071,1.033,0.115,103.96,0.156
2024-25,0022400211,"Nov 10, 2024",LAL vs. TOR,W,31:40,125.0,116.9,8.1,0.0,0.0,0.094,0.061,0.077,0.0,0.182,0.182,0.159,90.19,-0.008
2024-25,0022400195,"Nov 08, 2024",LAL vs. PHI,W,32:50,106.1,112.1,-6.1,0.043,10.0,0.036,0.073,0.058,10.0,0.563,0.563,0.129,96.49,0.017
2024-25,0022400156,"Nov 04, 2024",LAL @ DET,L,34:46,108.7,120.6,-11.9,0.04,12.5,0.0,0.098,0.051,0.0,0.5,0.581,0.092,94.57,0.052
2024-25,0022400137,"Nov 01, 2024",LAL @ TOR,W,33:13,124.3,132.9,-8.6,0.038,7.1,0.026,0.125,0.071,7.1,0.333,0.362,0.159,101.15,0.026
2024-25,0022400118,"Oct 30, 2024",LAL @ CLE,L,28:17,98.4,114.5,-16.2,0.111,20.0,0.0,0.172,0.098,20.0,0.667,0.667,0.125,104.37,0.084
2024-25,0022400111,"Oct 28, 2024",LAL @ PHX,L,31:21,125.4,92.2,33.2,0.048,5.3,0.125,0.143,0.133,0.0,0.528,0.542,0.231,97.22,0.132
2024-25,0022400096,"Oct 26, 2024",LAL vs. SAC,W,37:21,128.0,108.6,19.4,0.086,15.0,0.129,0.139,0.134,5.0,0.462,0.575,0.179,104.76,0.096
2024-25,0022400085,"Oct 25, 2024",LAL vs. PHX,W,39:01,114.5,115.9,-1.4,0.08,11.8,0.065,0.161,0.113,5.9,0.5,0.509,0.169,101.5,0.057
2024-25,0022400062,"Oct 22, 2024",LAL vs. MIN,W,35:05,129.0,102.9,26.0,0.034,5.9,0.077,0.053,0.065,0.0,0.536,0.571,0.19,93.72,0.126
